-- MySQL dump 10.13  Distrib 5.5.32, for debian-linux-gnu (i686)
--
-- Host: 127.0.0.1    Database: nhlloserpool
-- ------------------------------------------------------
-- Server version	5.5.32-0ubuntu0.13.04.1

/*!40101 SET @OLD_CHARACTER_SET_CLIENT=@@CHARACTER_SET_CLIENT */;
/*!40101 SET @OLD_CHARACTER_SET_RESULTS=@@CHARACTER_SET_RESULTS */;
/*!40101 SET @OLD_COLLATION_CONNECTION=@@COLLATION_CONNECTION */;
/*!40101 SET NAMES utf8 */;
/*!40103 SET @OLD_TIME_ZONE=@@TIME_ZONE */;
/*!40103 SET TIME_ZONE='+00:00' */;
/*!40014 SET @OLD_UNIQUE_CHECKS=@@UNIQUE_CHECKS, UNIQUE_CHECKS=0 */;
/*!40014 SET @OLD_FOREIGN_KEY_CHECKS=@@FOREIGN_KEY_CHECKS, FOREIGN_KEY_CHECKS=0 */;
/*!40101 SET @OLD_SQL_MODE=@@SQL_MODE, SQL_MODE='NO_AUTO_VALUE_ON_ZERO' */;
/*!40111 SET @OLD_SQL_NOTES=@@SQL_NOTES, SQL_NOTES=0 */;

--
-- Table structure for table `auth_group`
--

DROP TABLE IF EXISTS `auth_group`;
/*!40101 SET @saved_cs_client     = @@character_set_client */;
/*!40101 SET character_set_client = utf8 */;
CREATE TABLE `auth_group` (
  `id` int(11) NOT NULL AUTO_INCREMENT,
  `name` varchar(80) NOT NULL,
  PRIMARY KEY (`id`),
  UNIQUE KEY `name` (`name`)
) ENGINE=InnoDB DEFAULT CHARSET=latin1;
/*!40101 SET character_set_client = @saved_cs_client */;

--
-- Dumping data for table `auth_group`
--

LOCK TABLES `auth_group` WRITE;
/*!40000 ALTER TABLE `auth_group` DISABLE KEYS */;
/*!40000 ALTER TABLE `auth_group` ENABLE KEYS */;
UNLOCK TABLES;

--
-- Table structure for table `auth_group_permissions`
--

DROP TABLE IF EXISTS `auth_group_permissions`;
/*!40101 SET @saved_cs_client     = @@character_set_client */;
/*!40101 SET character_set_client = utf8 */;
CREATE TABLE `auth_group_permissions` (
  `id` int(11) NOT NULL AUTO_INCREMENT,
  `group_id` int(11) NOT NULL,
  `permission_id` int(11) NOT NULL,
  PRIMARY KEY (`id`),
  UNIQUE KEY `group_id` (`group_id`,`permission_id`),
  KEY `auth_group_permissions_5f412f9a` (`group_id`),
  KEY `auth_group_permissions_83d7f98b` (`permission_id`),
  CONSTRAINT `group_id_refs_id_f4b32aac` FOREIGN KEY (`group_id`) REFERENCES `auth_group` (`id`),
  CONSTRAINT `permission_id_refs_id_6ba0f519` FOREIGN KEY (`permission_id`) REFERENCES `auth_permission` (`id`)
) ENGINE=InnoDB DEFAULT CHARSET=latin1;
/*!40101 SET character_set_client = @saved_cs_client */;

--
-- Dumping data for table `auth_group_permissions`
--

LOCK TABLES `auth_group_permissions` WRITE;
/*!40000 ALTER TABLE `auth_group_permissions` DISABLE KEYS */;
/*!40000 ALTER TABLE `auth_group_permissions` ENABLE KEYS */;
UNLOCK TABLES;

--
-- Table structure for table `auth_permission`
--

DROP TABLE IF EXISTS `auth_permission`;
/*!40101 SET @saved_cs_client     = @@character_set_client */;
/*!40101 SET character_set_client = utf8 */;
CREATE TABLE `auth_permission` (
  `id` int(11) NOT NULL AUTO_INCREMENT,
  `name` varchar(50) NOT NULL,
  `content_type_id` int(11) NOT NULL,
  `codename` varchar(100) NOT NULL,
  PRIMARY KEY (`id`),
  UNIQUE KEY `content_type_id` (`content_type_id`,`codename`),
  KEY `auth_permission_37ef4eb4` (`content_type_id`),
  CONSTRAINT `content_type_id_refs_id_d043b34a` FOREIGN KEY (`content_type_id`) REFERENCES `django_content_type` (`id`)
) ENGINE=InnoDB AUTO_INCREMENT=43 DEFAULT CHARSET=latin1;
/*!40101 SET character_set_client = @saved_cs_client */;

--
-- Dumping data for table `auth_permission`
--

LOCK TABLES `auth_permission` WRITE;
/*!40000 ALTER TABLE `auth_permission` DISABLE KEYS */;
INSERT INTO `auth_permission` VALUES (1,'Can add permission',1,'add_permission'),(2,'Can change permission',1,'change_permission'),(3,'Can delete permission',1,'delete_permission'),(4,'Can add group',2,'add_group'),(5,'Can change group',2,'change_group'),(6,'Can delete group',2,'delete_group'),(7,'Can add user',3,'add_user'),(8,'Can change user',3,'change_user'),(9,'Can delete user',3,'delete_user'),(10,'Can add content type',4,'add_contenttype'),(11,'Can change content type',4,'change_contenttype'),(12,'Can delete content type',4,'delete_contenttype'),(13,'Can add session',5,'add_session'),(14,'Can change session',5,'change_session'),(15,'Can delete session',5,'delete_session'),(16,'Can add site',6,'add_site'),(17,'Can change site',6,'change_site'),(18,'Can delete site',6,'delete_site'),(19,'Can add log entry',7,'add_logentry'),(20,'Can change log entry',7,'change_logentry'),(21,'Can delete log entry',7,'delete_logentry'),(22,'Can add league',8,'add_league'),(23,'Can change league',8,'change_league'),(24,'Can delete league',8,'delete_league'),(25,'Can add conference',9,'add_conference'),(26,'Can change conference',9,'change_conference'),(27,'Can delete conference',9,'delete_conference'),(28,'Can add division',10,'add_division'),(29,'Can change division',10,'change_division'),(30,'Can delete division',10,'delete_division'),(31,'Can add team',11,'add_team'),(32,'Can change team',11,'change_team'),(33,'Can delete team',11,'delete_team'),(34,'Can add matchup',12,'add_matchup'),(35,'Can change matchup',12,'change_matchup'),(36,'Can delete matchup',12,'delete_matchup'),(37,'Can add pick set',13,'add_pickset'),(38,'Can change pick set',13,'change_pickset'),(39,'Can delete pick set',13,'delete_pickset'),(40,'Can add pick',14,'add_pick'),(41,'Can change pick',14,'change_pick'),(42,'Can delete pick',14,'delete_pick');
/*!40000 ALTER TABLE `auth_permission` ENABLE KEYS */;
UNLOCK TABLES;

--
-- Table structure for table `auth_user`
--

DROP TABLE IF EXISTS `auth_user`;
/*!40101 SET @saved_cs_client     = @@character_set_client */;
/*!40101 SET character_set_client = utf8 */;
CREATE TABLE `auth_user` (
  `id` int(11) NOT NULL AUTO_INCREMENT,
  `password` varchar(128) NOT NULL,
  `last_login` datetime NOT NULL,
  `is_superuser` tinyint(1) NOT NULL,
  `username` varchar(30) NOT NULL,
  `first_name` varchar(30) NOT NULL,
  `last_name` varchar(30) NOT NULL,
  `email` varchar(75) NOT NULL,
  `is_staff` tinyint(1) NOT NULL,
  `is_active` tinyint(1) NOT NULL,
  `date_joined` datetime NOT NULL,
  PRIMARY KEY (`id`),
  UNIQUE KEY `username` (`username`)
) ENGINE=InnoDB AUTO_INCREMENT=2 DEFAULT CHARSET=latin1;
/*!40101 SET character_set_client = @saved_cs_client */;

--
-- Dumping data for table `auth_user`
--

LOCK TABLES `auth_user` WRITE;
/*!40000 ALTER TABLE `auth_user` DISABLE KEYS */;
INSERT INTO `auth_user` VALUES (1,'pbkdf2_sha256$10000$SR1hsT8phA4Q$WjPjMSXogwK3TcV18bQvBfm5L5nZN537qW723O2UI9E=','2013-10-06 10:24:28',1,'tyip','','','',1,1,'2013-10-06 10:23:58');
/*!40000 ALTER TABLE `auth_user` ENABLE KEYS */;
UNLOCK TABLES;

--
-- Table structure for table `auth_user_groups`
--

DROP TABLE IF EXISTS `auth_user_groups`;
/*!40101 SET @saved_cs_client     = @@character_set_client */;
/*!40101 SET character_set_client = utf8 */;
CREATE TABLE `auth_user_groups` (
  `id` int(11) NOT NULL AUTO_INCREMENT,
  `user_id` int(11) NOT NULL,
  `group_id` int(11) NOT NULL,
  PRIMARY KEY (`id`),
  UNIQUE KEY `user_id` (`user_id`,`group_id`),
  KEY `auth_user_groups_6340c63c` (`user_id`),
  KEY `auth_user_groups_5f412f9a` (`group_id`),
  CONSTRAINT `user_id_refs_id_40c41112` FOREIGN KEY (`user_id`) REFERENCES `auth_user` (`id`),
  CONSTRAINT `group_id_refs_id_274b862c` FOREIGN KEY (`group_id`) REFERENCES `auth_group` (`id`)
) ENGINE=InnoDB DEFAULT CHARSET=latin1;
/*!40101 SET character_set_client = @saved_cs_client */;

--
-- Dumping data for table `auth_user_groups`
--

LOCK TABLES `auth_user_groups` WRITE;
/*!40000 ALTER TABLE `auth_user_groups` DISABLE KEYS */;
/*!40000 ALTER TABLE `auth_user_groups` ENABLE KEYS */;
UNLOCK TABLES;

--
-- Table structure for table `auth_user_user_permissions`
--

DROP TABLE IF EXISTS `auth_user_user_permissions`;
/*!40101 SET @saved_cs_client     = @@character_set_client */;
/*!40101 SET character_set_client = utf8 */;
CREATE TABLE `auth_user_user_permissions` (
  `id` int(11) NOT NULL AUTO_INCREMENT,
  `user_id` int(11) NOT NULL,
  `permission_id` int(11) NOT NULL,
  PRIMARY KEY (`id`),
  UNIQUE KEY `user_id` (`user_id`,`permission_id`),
  KEY `auth_user_user_permissions_6340c63c` (`user_id`),
  KEY `auth_user_user_permissions_83d7f98b` (`permission_id`),
  CONSTRAINT `user_id_refs_id_4dc23c39` FOREIGN KEY (`user_id`) REFERENCES `auth_user` (`id`),
  CONSTRAINT `permission_id_refs_id_35d9ac25` FOREIGN KEY (`permission_id`) REFERENCES `auth_permission` (`id`)
) ENGINE=InnoDB DEFAULT CHARSET=latin1;
/*!40101 SET character_set_client = @saved_cs_client */;

--
-- Dumping data for table `auth_user_user_permissions`
--

LOCK TABLES `auth_user_user_permissions` WRITE;
/*!40000 ALTER TABLE `auth_user_user_permissions` DISABLE KEYS */;
/*!40000 ALTER TABLE `auth_user_user_permissions` ENABLE KEYS */;
UNLOCK TABLES;

--
-- Table structure for table `django_admin_log`
--

DROP TABLE IF EXISTS `django_admin_log`;
/*!40101 SET @saved_cs_client     = @@character_set_client */;
/*!40101 SET character_set_client = utf8 */;
CREATE TABLE `django_admin_log` (
  `id` int(11) NOT NULL AUTO_INCREMENT,
  `action_time` datetime NOT NULL,
  `user_id` int(11) NOT NULL,
  `content_type_id` int(11) DEFAULT NULL,
  `object_id` longtext,
  `object_repr` varchar(200) NOT NULL,
  `action_flag` smallint(5) unsigned NOT NULL,
  `change_message` longtext NOT NULL,
  PRIMARY KEY (`id`),
  KEY `django_admin_log_6340c63c` (`user_id`),
  KEY `django_admin_log_37ef4eb4` (`content_type_id`),
  CONSTRAINT `user_id_refs_id_c0d12874` FOREIGN KEY (`user_id`) REFERENCES `auth_user` (`id`),
  CONSTRAINT `content_type_id_refs_id_93d2d1f8` FOREIGN KEY (`content_type_id`) REFERENCES `django_content_type` (`id`)
) ENGINE=InnoDB AUTO_INCREMENT=27 DEFAULT CHARSET=latin1;
/*!40101 SET character_set_client = @saved_cs_client */;

--
-- Dumping data for table `django_admin_log`
--

LOCK TABLES `django_admin_log` WRITE;
/*!40000 ALTER TABLE `django_admin_log` DISABLE KEYS */;
INSERT INTO `django_admin_log` VALUES (1,'2013-10-06 10:30:03',1,11,'11','New Jersey Devils',2,'Changed abbreviation.'),(2,'2013-10-06 10:30:21',1,11,'8','Los Angeles Kings',2,'Changed abbreviation.'),(3,'2013-10-06 10:30:32',1,11,'20','Tampa Bay Lightning',2,'Changed abbreviation.'),(4,'2013-10-06 10:30:44',1,11,'18','San Jose Sharks',2,'Changed abbreviation.'),(5,'2013-10-06 10:33:55',1,11,'16','Pittsburgh Penguins',2,'Changed division.'),(6,'2013-10-06 10:34:03',1,11,'12','New York Islanders',2,'Changed division.'),(7,'2013-10-06 10:34:10',1,11,'7','Carolina Hurricanes',2,'Changed division.'),(8,'2013-10-06 10:34:18',1,11,'11','New Jersey Devils',2,'Changed division.'),(9,'2013-10-06 10:34:23',1,11,'29','Columbus Blue Jackets',2,'Changed division.'),(10,'2013-10-06 10:34:28',1,11,'13','New York Rangers',2,'Changed division.'),(11,'2013-10-06 10:34:42',1,11,'23','Washington Capitals',2,'Changed division.'),(12,'2013-10-06 10:34:51',1,11,'15','Philadelphia Flyers',2,'Changed division.'),(13,'2013-10-06 10:34:58',1,11,'19','St. Louis Blues',2,'Changed division.'),(14,'2013-10-06 10:35:02',1,11,'17','Colorado Avalanche',2,'Changed division.'),(15,'2013-10-06 10:35:11',1,11,'28','Winnipeg Jets',2,'Changed division.'),(16,'2013-10-06 10:35:18',1,11,'4','Chicago Blackhawks',2,'Changed division.'),(17,'2013-10-06 10:35:26',1,11,'9','Dallas Stars',2,'Changed division.'),(18,'2013-10-06 10:35:33',1,11,'27','Nashville Predators',2,'Changed division.'),(19,'2013-10-06 10:35:36',1,11,'30','Minnesota Wild',2,'Changed division.'),(20,'2013-10-06 10:35:42',1,11,'18','San Jose Sharks',2,'Changed division.'),(21,'2013-10-06 10:35:47',1,11,'22','Vancouver Canucks',2,'Changed division.'),(22,'2013-10-06 10:35:53',1,11,'3','Calgary Flames',2,'Changed division.'),(23,'2013-10-06 10:36:00',1,11,'25','Anaheim Ducks',2,'Changed division.'),(24,'2013-10-06 10:36:08',1,11,'24','Phoenix Coyotes',2,'Changed division.'),(25,'2013-10-06 10:36:16',1,11,'8','Los Angeles Kings',2,'Changed division.'),(26,'2013-10-06 10:36:21',1,11,'6','Edmonton Oilers',2,'Changed division.');
/*!40000 ALTER TABLE `django_admin_log` ENABLE KEYS */;
UNLOCK TABLES;

--
-- Table structure for table `django_content_type`
--

DROP TABLE IF EXISTS `django_content_type`;
/*!40101 SET @saved_cs_client     = @@character_set_client */;
/*!40101 SET character_set_client = utf8 */;
CREATE TABLE `django_content_type` (
  `id` int(11) NOT NULL AUTO_INCREMENT,
  `name` varchar(100) NOT NULL,
  `app_label` varchar(100) NOT NULL,
  `model` varchar(100) NOT NULL,
  PRIMARY KEY (`id`),
  UNIQUE KEY `app_label` (`app_label`,`model`)
) ENGINE=InnoDB AUTO_INCREMENT=15 DEFAULT CHARSET=latin1;
/*!40101 SET character_set_client = @saved_cs_client */;

--
-- Dumping data for table `django_content_type`
--

LOCK TABLES `django_content_type` WRITE;
/*!40000 ALTER TABLE `django_content_type` DISABLE KEYS */;
INSERT INTO `django_content_type` VALUES (1,'permission','auth','permission'),(2,'group','auth','group'),(3,'user','auth','user'),(4,'content type','contenttypes','contenttype'),(5,'session','sessions','session'),(6,'site','sites','site'),(7,'log entry','admin','logentry'),(8,'league','teams','league'),(9,'conference','teams','conference'),(10,'division','teams','division'),(11,'team','teams','team'),(12,'matchup','matchups','matchup'),(13,'pick set','matchups','pickset'),(14,'pick','matchups','pick');
/*!40000 ALTER TABLE `django_content_type` ENABLE KEYS */;
UNLOCK TABLES;

--
-- Table structure for table `django_session`
--

DROP TABLE IF EXISTS `django_session`;
/*!40101 SET @saved_cs_client     = @@character_set_client */;
/*!40101 SET character_set_client = utf8 */;
CREATE TABLE `django_session` (
  `session_key` varchar(40) NOT NULL,
  `session_data` longtext NOT NULL,
  `expire_date` datetime NOT NULL,
  PRIMARY KEY (`session_key`),
  KEY `django_session_b7b81f0c` (`expire_date`)
) ENGINE=InnoDB DEFAULT CHARSET=latin1;
/*!40101 SET character_set_client = @saved_cs_client */;

--
-- Dumping data for table `django_session`
--

LOCK TABLES `django_session` WRITE;
/*!40000 ALTER TABLE `django_session` DISABLE KEYS */;
INSERT INTO `django_session` VALUES ('1thx2epjesg2nog8u9xuw6tyz6p5uj0t','ZmZlM2UyODZlZDM0NjhiYzg3NjE3OWI1YTQzZjI1ZTkxMTNiOGY0MjqAAn1xAShVEl9hdXRoX3VzZXJfYmFja2VuZHECVSlkamFuZ28uY29udHJpYi5hdXRoLmJhY2tlbmRzLk1vZGVsQmFja2VuZHEDVQ1fYXV0aF91c2VyX2lkcQSKAQF1Lg==','2013-10-20 10:24:28');
/*!40000 ALTER TABLE `django_session` ENABLE KEYS */;
UNLOCK TABLES;

--
-- Table structure for table `django_site`
--

DROP TABLE IF EXISTS `django_site`;
/*!40101 SET @saved_cs_client     = @@character_set_client */;
/*!40101 SET character_set_client = utf8 */;
CREATE TABLE `django_site` (
  `id` int(11) NOT NULL AUTO_INCREMENT,
  `domain` varchar(100) NOT NULL,
  `name` varchar(50) NOT NULL,
  PRIMARY KEY (`id`)
) ENGINE=InnoDB AUTO_INCREMENT=2 DEFAULT CHARSET=latin1;
/*!40101 SET character_set_client = @saved_cs_client */;

--
-- Dumping data for table `django_site`
--

LOCK TABLES `django_site` WRITE;
/*!40000 ALTER TABLE `django_site` DISABLE KEYS */;
INSERT INTO `django_site` VALUES (1,'example.com','example.com');
/*!40000 ALTER TABLE `django_site` ENABLE KEYS */;
UNLOCK TABLES;

--
-- Table structure for table `matchups_matchup`
--

DROP TABLE IF EXISTS `matchups_matchup`;
/*!40101 SET @saved_cs_client     = @@character_set_client */;
/*!40101 SET character_set_client = utf8 */;
CREATE TABLE `matchups_matchup` (
  `id` int(11) NOT NULL AUTO_INCREMENT,
  `home_team_id` int(11) NOT NULL,
  `away_team_id` int(11) NOT NULL,
  `home_team_score` smallint(6) NOT NULL,
  `away_team_score` smallint(6) NOT NULL,
  `went_to_shootout` tinyint(1) NOT NULL,
  `date_time` datetime NOT NULL,
  PRIMARY KEY (`id`),
  KEY `matchups_matchup_d48a77b0` (`home_team_id`),
  KEY `matchups_matchup_c5009960` (`away_team_id`),
  CONSTRAINT `away_team_id_refs_id_542bd3cb` FOREIGN KEY (`away_team_id`) REFERENCES `teams_team` (`id`),
  CONSTRAINT `home_team_id_refs_id_542bd3cb` FOREIGN KEY (`home_team_id`) REFERENCES `teams_team` (`id`)
) ENGINE=InnoDB AUTO_INCREMENT=1230 DEFAULT CHARSET=latin1;
/*!40101 SET character_set_client = @saved_cs_client */;

--
-- Dumping data for table `matchups_matchup`
--

LOCK TABLES `matchups_matchup` WRITE;
/*!40000 ALTER TABLE `matchups_matchup` DISABLE KEYS */;
INSERT INTO `matchups_matchup` VALUES (1,2,14,-1,-1,0,'2013-10-04 23:00:00'),(2,11,12,-1,-1,0,'2013-10-04 23:00:00'),(3,7,5,-1,-1,0,'2013-10-04 23:00:00'),(4,29,3,-1,-1,0,'2013-10-04 23:00:00'),(5,28,8,-1,-1,0,'2013-10-05 00:00:00'),(6,17,27,-1,-1,0,'2013-10-05 01:00:00'),(7,1,5,-1,-1,0,'2013-10-05 23:00:00'),(8,21,14,-1,-1,0,'2013-10-05 23:00:00'),(9,10,15,-1,-1,0,'2013-10-05 23:00:00'),(10,12,29,-1,-1,0,'2013-10-05 23:00:00'),(11,16,2,-1,-1,0,'2013-10-05 23:00:00'),(12,4,20,-1,-1,0,'2013-10-06 00:00:00'),(13,19,26,-1,-1,0,'2013-10-06 00:00:00'),(14,9,23,-1,-1,0,'2013-10-06 00:00:00'),(15,30,25,-1,-1,0,'2013-10-06 00:00:00'),(16,22,6,-1,-1,0,'2013-10-06 02:00:00'),(17,18,24,-1,-1,0,'2013-10-06 02:30:00'),(18,7,15,-1,-1,0,'2013-10-06 21:00:00'),(19,28,25,-1,-1,0,'2013-10-07 00:00:00'),(20,3,22,-1,-1,0,'2013-10-07 00:00:00'),(21,6,11,-1,-1,0,'2013-10-08 01:30:00'),(22,8,13,-1,-1,0,'2013-10-08 02:30:00'),(23,12,24,-1,-1,0,'2013-10-08 23:00:00'),(24,15,26,-1,-1,0,'2013-10-08 23:00:00'),(25,16,7,-1,-1,0,'2013-10-08 23:00:00'),(26,2,20,-1,-1,0,'2013-10-08 23:30:00'),(27,27,30,-1,-1,0,'2013-10-09 00:00:00'),(28,22,11,-1,-1,0,'2013-10-09 02:00:00'),(29,18,13,-1,-1,0,'2013-10-09 02:30:00'),(30,19,4,-1,-1,0,'2013-10-10 00:00:00'),(31,3,10,-1,-1,0,'2013-10-10 00:00:00'),(32,8,14,-1,-1,0,'2013-10-10 02:30:00'),(33,1,17,-1,-1,0,'2013-10-10 23:00:00'),(34,2,29,-1,-1,0,'2013-10-10 23:00:00'),(35,23,7,-1,-1,0,'2013-10-10 23:00:00'),(36,5,24,-1,-1,0,'2013-10-10 23:30:00'),(37,20,26,-1,-1,0,'2013-10-10 23:30:00'),(38,27,21,-1,-1,0,'2013-10-11 00:00:00'),(39,30,28,-1,-1,0,'2013-10-11 00:00:00'),(40,6,10,-1,-1,0,'2013-10-11 01:30:00'),(41,22,18,-1,-1,0,'2013-10-11 02:00:00'),(42,25,13,-1,-1,0,'2013-10-11 02:00:00'),(43,15,24,-1,-1,0,'2013-10-11 23:00:00'),(44,7,8,-1,-1,0,'2013-10-11 23:00:00'),(45,26,16,-1,-1,0,'2013-10-11 23:30:00'),(46,4,12,-1,-1,0,'2013-10-12 00:00:00'),(47,28,9,-1,-1,0,'2013-10-12 00:00:00'),(48,3,11,-1,-1,0,'2013-10-12 01:00:00'),(49,29,1,-1,-1,0,'2013-10-12 18:00:00'),(50,21,6,-1,-1,0,'2013-10-12 23:00:00'),(51,5,15,-1,-1,0,'2013-10-12 23:00:00'),(52,20,16,-1,-1,0,'2013-10-12 23:00:00'),(53,23,17,-1,-1,0,'2013-10-12 23:00:00'),(54,4,2,-1,-1,0,'2013-10-13 00:00:00'),(55,19,13,-1,-1,0,'2013-10-13 00:00:00'),(56,27,12,-1,-1,0,'2013-10-13 00:00:00'),(57,30,9,-1,-1,0,'2013-10-13 00:00:00'),(58,22,10,-1,-1,0,'2013-10-13 02:00:00'),(59,18,14,-1,-1,0,'2013-10-13 02:00:00'),(60,7,24,-1,-1,0,'2013-10-13 17:00:00'),(61,26,8,-1,-1,0,'2013-10-13 19:00:00'),(62,28,11,-1,-1,0,'2013-10-14 00:00:00'),(63,25,14,-1,-1,0,'2013-10-14 00:00:00'),(64,1,5,-1,-1,0,'2013-10-14 17:00:00'),(65,23,6,-1,-1,0,'2013-10-14 23:00:00'),(66,2,30,-1,-1,0,'2013-10-14 23:30:00'),(67,21,30,-1,-1,0,'2013-10-15 23:00:00'),(68,12,2,-1,-1,0,'2013-10-15 23:00:00'),(69,15,22,-1,-1,0,'2013-10-15 23:00:00'),(70,16,6,-1,-1,0,'2013-10-15 23:00:00'),(71,7,4,-1,-1,0,'2013-10-15 23:00:00'),(72,5,29,-1,-1,0,'2013-10-15 23:30:00'),(73,20,8,-1,-1,0,'2013-10-15 23:30:00'),(74,19,18,-1,-1,0,'2013-10-16 00:00:00'),(75,27,26,-1,-1,0,'2013-10-16 00:00:00'),(76,28,10,-1,-1,0,'2013-10-16 00:00:00'),(77,17,9,-1,-1,0,'2013-10-16 01:00:00'),(78,24,14,-1,-1,0,'2013-10-16 02:00:00'),(79,23,13,-1,-1,0,'2013-10-17 00:00:00'),(80,25,3,-1,-1,0,'2013-10-17 02:00:00'),(81,2,22,-1,-1,0,'2013-10-17 23:00:00'),(82,21,7,-1,-1,0,'2013-10-17 23:00:00'),(83,12,6,-1,-1,0,'2013-10-17 23:00:00'),(84,15,16,-1,-1,0,'2013-10-17 23:00:00'),(85,10,29,-1,-1,0,'2013-10-17 23:30:00'),(86,14,11,-1,-1,0,'2013-10-17 23:30:00'),(87,20,30,-1,-1,0,'2013-10-17 23:30:00'),(88,26,1,-1,-1,0,'2013-10-17 23:30:00'),(89,4,19,-1,-1,0,'2013-10-18 00:00:00'),(90,27,8,-1,-1,0,'2013-10-18 00:00:00'),(91,9,18,-1,-1,0,'2013-10-18 00:30:00'),(92,17,5,-1,-1,0,'2013-10-18 01:00:00'),(93,28,19,-1,-1,0,'2013-10-19 00:00:00'),(94,25,24,-1,-1,0,'2013-10-19 02:00:00'),(95,16,22,-1,-1,0,'2013-10-19 17:00:00'),(96,14,6,-1,-1,0,'2013-10-19 18:00:00'),(97,2,17,-1,-1,0,'2013-10-19 23:00:00'),(98,10,27,-1,-1,0,'2013-10-19 23:00:00'),(99,20,1,-1,-1,0,'2013-10-19 23:00:00'),(100,26,30,-1,-1,0,'2013-10-19 23:00:00'),(101,11,13,-1,-1,0,'2013-10-19 23:00:00'),(102,12,7,-1,-1,0,'2013-10-19 23:00:00'),(103,23,29,-1,-1,0,'2013-10-19 23:00:00'),(104,4,21,-1,-1,0,'2013-10-19 23:00:00'),(105,24,5,-1,-1,0,'2013-10-20 01:00:00'),(106,18,3,-1,-1,0,'2013-10-20 02:00:00'),(107,8,9,-1,-1,0,'2013-10-20 02:30:00'),(108,29,22,-1,-1,0,'2013-10-20 22:00:00'),(109,28,27,-1,-1,0,'2013-10-21 00:00:00'),(110,25,9,-1,-1,0,'2013-10-21 00:00:00'),(111,5,18,-1,-1,0,'2013-10-21 23:30:00'),(112,16,17,-1,-1,0,'2013-10-21 23:30:00'),(113,8,3,-1,-1,0,'2013-10-22 02:30:00'),(114,21,25,-1,-1,0,'2013-10-22 23:00:00'),(115,12,22,-1,-1,0,'2013-10-22 23:00:00'),(116,29,11,-1,-1,0,'2013-10-22 23:00:00'),(117,10,6,-1,-1,0,'2013-10-22 23:30:00'),(118,26,4,-1,-1,0,'2013-10-22 23:30:00'),(119,30,27,-1,-1,0,'2013-10-23 00:00:00'),(120,28,23,-1,-1,0,'2013-10-23 00:00:00'),(121,24,3,-1,-1,0,'2013-10-23 02:00:00'),(122,5,14,-1,-1,0,'2013-10-23 23:30:00'),(123,2,1,-1,-1,0,'2013-10-24 00:00:00'),(124,1,18,-1,-1,0,'2013-10-24 23:00:00'),(125,11,22,-1,-1,0,'2013-10-24 23:00:00'),(126,15,13,-1,-1,0,'2013-10-24 23:00:00'),(127,10,25,-1,-1,0,'2013-10-24 23:30:00'),(128,20,4,-1,-1,0,'2013-10-24 23:30:00'),(129,27,28,-1,-1,0,'2013-10-25 00:00:00'),(130,30,7,-1,-1,0,'2013-10-25 00:00:00'),(131,9,3,-1,-1,0,'2013-10-25 00:30:00'),(132,6,23,-1,-1,0,'2013-10-25 01:30:00'),(133,8,24,-1,-1,0,'2013-10-25 02:30:00'),(134,16,12,-1,-1,0,'2013-10-25 23:00:00'),(135,29,21,-1,-1,0,'2013-10-25 23:00:00'),(136,14,25,-1,-1,0,'2013-10-25 23:30:00'),(137,26,2,-1,-1,0,'2013-10-25 23:30:00'),(138,19,22,-1,-1,0,'2013-10-26 00:00:00'),(139,17,7,-1,-1,0,'2013-10-26 01:00:00'),(140,24,6,-1,-1,0,'2013-10-26 19:00:00'),(141,1,11,-1,-1,0,'2013-10-26 23:00:00'),(142,21,16,-1,-1,0,'2013-10-26 23:00:00'),(143,10,18,-1,-1,0,'2013-10-26 23:00:00'),(144,5,13,-1,-1,0,'2013-10-26 23:00:00'),(145,20,2,-1,-1,0,'2013-10-26 23:00:00'),(146,12,15,-1,-1,0,'2013-10-26 23:00:00'),(147,9,28,-1,-1,0,'2013-10-26 23:00:00'),(148,4,30,-1,-1,0,'2013-10-27 00:00:00'),(149,27,19,-1,-1,0,'2013-10-27 00:00:00'),(150,3,23,-1,-1,0,'2013-10-27 02:00:00'),(151,14,18,-1,-1,0,'2013-10-27 21:00:00'),(152,26,20,-1,-1,0,'2013-10-27 21:00:00'),(153,29,25,-1,-1,0,'2013-10-27 22:00:00'),(154,17,28,-1,-1,0,'2013-10-28 00:00:00'),(155,8,6,-1,-1,0,'2013-10-28 01:00:00'),(156,2,9,-1,-1,0,'2013-10-28 23:00:00'),(157,7,16,-1,-1,0,'2013-10-28 23:00:00'),(158,13,10,-1,-1,0,'2013-10-28 23:30:00'),(159,30,4,-1,-1,0,'2013-10-29 00:00:00'),(160,22,23,-1,-1,0,'2013-10-29 02:00:00'),(161,12,13,-1,-1,0,'2013-10-29 23:00:00'),(162,15,25,-1,-1,0,'2013-10-29 23:00:00'),(163,10,9,-1,-1,0,'2013-10-29 23:00:00'),(164,11,20,-1,-1,0,'2013-10-29 23:30:00'),(165,4,14,-1,-1,0,'2013-10-30 00:00:00'),(166,19,28,-1,-1,0,'2013-10-30 00:00:00'),(167,6,21,-1,-1,0,'2013-10-30 01:00:00'),(168,24,8,-1,-1,0,'2013-10-30 02:00:00'),(169,16,1,-1,-1,0,'2013-10-31 00:00:00'),(170,3,21,-1,-1,0,'2013-10-31 00:00:00'),(171,22,5,-1,-1,0,'2013-10-31 02:30:00'),(172,8,18,-1,-1,0,'2013-10-31 02:30:00'),(173,1,25,-1,-1,0,'2013-10-31 23:00:00'),(174,13,2,-1,-1,0,'2013-10-31 23:00:00'),(175,24,27,-1,-1,0,'2013-11-01 02:00:00'),(176,15,23,-1,-1,0,'2013-11-01 23:00:00'),(177,16,29,-1,-1,0,'2013-11-01 23:00:00'),(178,7,20,-1,-1,0,'2013-11-01 23:00:00'),(179,14,12,-1,-1,0,'2013-11-01 23:30:00'),(180,26,19,-1,-1,0,'2013-11-01 23:30:00'),(181,30,10,-1,-1,0,'2013-11-02 00:00:00'),(182,9,17,-1,-1,0,'2013-11-02 00:30:00'),(183,3,5,-1,-1,0,'2013-11-02 01:00:00'),(184,28,4,-1,-1,0,'2013-11-02 19:00:00'),(185,2,25,-1,-1,0,'2013-11-02 23:00:00'),(186,20,19,-1,-1,0,'2013-11-02 23:00:00'),(187,11,15,-1,-1,0,'2013-11-02 23:00:00'),(188,12,1,-1,-1,0,'2013-11-02 23:00:00'),(189,13,7,-1,-1,0,'2013-11-02 23:00:00'),(190,23,26,-1,-1,0,'2013-11-02 23:00:00'),(191,29,16,-1,-1,0,'2013-11-02 23:00:00'),(192,22,21,-1,-1,0,'2013-11-02 23:00:00'),(193,17,10,-1,-1,0,'2013-11-03 02:00:00'),(194,6,5,-1,-1,0,'2013-11-03 02:00:00'),(195,8,27,-1,-1,0,'2013-11-03 02:30:00'),(196,18,24,-1,-1,0,'2013-11-03 02:30:00'),(197,14,9,-1,-1,0,'2013-11-03 18:00:00'),(198,4,3,-1,-1,0,'2013-11-04 00:30:00'),(199,30,11,-1,-1,0,'2013-11-04 01:00:00'),(200,13,25,-1,-1,0,'2013-11-05 00:30:00'),(201,28,5,-1,-1,0,'2013-11-05 01:00:00'),(202,1,9,-1,-1,0,'2013-11-06 00:00:00'),(203,23,12,-1,-1,0,'2013-11-06 00:00:00'),(204,29,14,-1,-1,0,'2013-11-06 00:00:00'),(205,10,19,-1,-1,0,'2013-11-06 00:30:00'),(206,26,6,-1,-1,0,'2013-11-06 00:30:00'),(207,7,15,-1,-1,0,'2013-11-06 00:30:00'),(208,30,3,-1,-1,0,'2013-11-06 01:00:00'),(209,24,22,-1,-1,0,'2013-11-06 02:00:00'),(210,18,2,-1,-1,0,'2013-11-06 03:30:00'),(211,13,16,-1,-1,0,'2013-11-07 00:30:00'),(212,4,28,-1,-1,0,'2013-11-07 01:00:00'),(213,17,27,-1,-1,0,'2013-11-07 02:30:00'),(214,25,24,-1,-1,0,'2013-11-07 03:00:00'),(215,1,26,-1,-1,0,'2013-11-08 00:00:00'),(216,14,10,-1,-1,0,'2013-11-08 00:00:00'),(217,15,11,-1,-1,0,'2013-11-08 00:00:00'),(218,23,30,-1,-1,0,'2013-11-08 00:00:00'),(219,7,12,-1,-1,0,'2013-11-08 00:00:00'),(220,29,13,-1,-1,0,'2013-11-08 00:00:00'),(221,5,9,-1,-1,0,'2013-11-08 00:30:00'),(222,20,6,-1,-1,0,'2013-11-08 00:30:00'),(223,19,3,-1,-1,0,'2013-11-08 01:00:00'),(224,8,2,-1,-1,0,'2013-11-08 03:30:00'),(225,18,22,-1,-1,0,'2013-11-08 03:30:00'),(226,21,11,-1,-1,0,'2013-11-09 00:30:00'),(227,28,27,-1,-1,0,'2013-11-09 01:00:00'),(228,17,3,-1,-1,0,'2013-11-09 02:00:00'),(229,25,2,-1,-1,0,'2013-11-09 03:00:00'),(230,15,6,-1,-1,0,'2013-11-09 18:00:00'),(231,14,26,-1,-1,0,'2013-11-09 19:00:00'),(232,1,21,-1,-1,0,'2013-11-10 00:00:00'),(233,5,20,-1,-1,0,'2013-11-10 00:00:00'),(234,7,30,-1,-1,0,'2013-11-10 00:00:00'),(235,29,12,-1,-1,0,'2013-11-10 00:00:00'),(236,19,16,-1,-1,0,'2013-11-10 01:00:00'),(237,9,4,-1,-1,0,'2013-11-10 01:00:00'),(238,24,23,-1,-1,0,'2013-11-10 01:00:00'),(239,8,22,-1,-1,0,'2013-11-10 03:00:00'),(240,10,12,-1,-1,0,'2013-11-10 23:00:00'),(241,11,27,-1,-1,0,'2013-11-11 00:00:00'),(242,13,26,-1,-1,0,'2013-11-11 00:00:00'),(243,4,6,-1,-1,0,'2013-11-11 00:30:00'),(244,28,18,-1,-1,0,'2013-11-11 01:00:00'),(245,17,23,-1,-1,0,'2013-11-11 01:00:00'),(246,25,22,-1,-1,0,'2013-11-11 01:00:00'),(247,1,20,-1,-1,0,'2013-11-11 18:00:00'),(248,2,8,-1,-1,0,'2013-11-13 00:00:00'),(249,12,27,-1,-1,0,'2013-11-13 00:00:00'),(250,13,11,-1,-1,0,'2013-11-13 00:00:00'),(251,23,29,-1,-1,0,'2013-11-13 00:00:00'),(252,7,17,-1,-1,0,'2013-11-13 00:00:00'),(253,10,20,-1,-1,0,'2013-11-13 00:30:00'),(254,14,15,-1,-1,0,'2013-11-13 00:30:00'),(255,5,28,-1,-1,0,'2013-11-13 00:30:00'),(256,26,25,-1,-1,0,'2013-11-13 00:30:00'),(257,19,24,-1,-1,0,'2013-11-13 01:00:00'),(258,3,18,-1,-1,0,'2013-11-13 02:00:00'),(259,30,21,-1,-1,0,'2013-11-14 00:30:00'),(260,16,15,-1,-1,0,'2013-11-14 01:00:00'),(261,6,9,-1,-1,0,'2013-11-14 03:00:00'),(262,1,29,-1,-1,0,'2013-11-15 00:00:00'),(263,12,8,-1,-1,0,'2013-11-15 00:00:00'),(264,20,25,-1,-1,0,'2013-11-15 00:30:00'),(265,4,24,-1,-1,0,'2013-11-15 01:00:00'),(266,19,17,-1,-1,0,'2013-11-15 01:00:00'),(267,3,9,-1,-1,0,'2013-11-15 02:00:00'),(268,22,18,-1,-1,0,'2013-11-15 03:00:00'),(269,2,21,-1,-1,0,'2013-11-16 00:00:00'),(270,11,8,-1,-1,0,'2013-11-16 00:00:00'),(271,16,27,-1,-1,0,'2013-11-16 00:00:00'),(272,7,25,-1,-1,0,'2013-11-16 00:00:00'),(273,29,10,-1,-1,0,'2013-11-16 00:00:00'),(274,14,1,-1,-1,0,'2013-11-16 00:30:00'),(275,5,23,-1,-1,0,'2013-11-16 00:30:00'),(276,30,26,-1,-1,0,'2013-11-16 01:00:00'),(277,28,15,-1,-1,0,'2013-11-16 01:00:00'),(278,6,18,-1,-1,0,'2013-11-16 03:00:00'),(279,21,2,-1,-1,0,'2013-11-17 00:00:00'),(280,10,13,-1,-1,0,'2013-11-17 00:00:00'),(281,11,16,-1,-1,0,'2013-11-17 00:00:00'),(282,12,5,-1,-1,0,'2013-11-17 00:00:00'),(283,19,7,-1,-1,0,'2013-11-17 01:00:00'),(284,27,4,-1,-1,0,'2013-11-17 01:00:00'),(285,24,20,-1,-1,0,'2013-11-17 01:00:00'),(286,17,26,-1,-1,0,'2013-11-17 02:00:00'),(287,3,6,-1,-1,0,'2013-11-17 03:00:00'),(288,14,29,-1,-1,0,'2013-11-17 18:00:00'),(289,23,19,-1,-1,0,'2013-11-17 23:00:00'),(290,13,8,-1,-1,0,'2013-11-18 00:00:00'),(291,4,18,-1,-1,0,'2013-11-18 00:00:00'),(292,30,28,-1,-1,0,'2013-11-18 01:00:00'),(293,22,9,-1,-1,0,'2013-11-18 01:00:00'),(294,7,1,-1,-1,0,'2013-11-19 00:00:00'),(295,16,25,-1,-1,0,'2013-11-19 00:30:00'),(296,28,3,-1,-1,0,'2013-11-19 01:00:00'),(297,2,19,-1,-1,0,'2013-11-20 00:00:00'),(298,21,12,-1,-1,0,'2013-11-20 00:00:00'),(299,15,14,-1,-1,0,'2013-11-20 00:00:00'),(300,10,30,-1,-1,0,'2013-11-20 00:30:00'),(301,5,27,-1,-1,0,'2013-11-20 00:30:00'),(302,13,1,-1,-1,0,'2013-11-20 00:30:00'),(303,17,4,-1,-1,0,'2013-11-20 02:00:00'),(304,6,29,-1,-1,0,'2013-11-20 02:30:00'),(305,22,26,-1,-1,0,'2013-11-20 03:00:00'),(306,8,20,-1,-1,0,'2013-11-20 03:30:00'),(307,14,30,-1,-1,0,'2013-11-21 00:30:00'),(308,23,16,-1,-1,0,'2013-11-21 01:00:00'),(309,3,29,-1,-1,0,'2013-11-21 03:00:00'),(310,25,11,-1,-1,0,'2013-11-21 03:00:00'),(311,1,19,-1,-1,0,'2013-11-22 00:00:00'),(312,21,27,-1,-1,0,'2013-11-22 00:00:00'),(313,15,2,-1,-1,0,'2013-11-22 00:00:00'),(314,5,7,-1,-1,0,'2013-11-22 00:30:00'),(315,28,4,-1,-1,0,'2013-11-22 01:00:00'),(316,9,13,-1,-1,0,'2013-11-22 01:30:00'),(317,24,17,-1,-1,0,'2013-11-22 02:00:00'),(318,6,26,-1,-1,0,'2013-11-22 02:30:00'),(319,8,11,-1,-1,0,'2013-11-22 03:30:00'),(320,18,20,-1,-1,0,'2013-11-22 03:30:00'),(321,16,12,-1,-1,0,'2013-11-23 00:00:00'),(322,23,10,-1,-1,0,'2013-11-23 00:00:00'),(323,3,26,-1,-1,0,'2013-11-23 02:00:00'),(324,22,29,-1,-1,0,'2013-11-23 03:00:00'),(325,25,20,-1,-1,0,'2013-11-23 03:00:00'),(326,1,7,-1,-1,0,'2013-11-23 18:00:00'),(327,28,30,-1,-1,0,'2013-11-23 20:00:00'),(328,21,23,-1,-1,0,'2013-11-24 00:00:00'),(329,10,16,-1,-1,0,'2013-11-24 00:00:00'),(330,5,14,-1,-1,0,'2013-11-24 00:00:00'),(331,15,12,-1,-1,0,'2013-11-24 00:00:00'),(332,19,9,-1,-1,0,'2013-11-24 01:00:00'),(333,27,13,-1,-1,0,'2013-11-24 01:00:00'),(334,24,25,-1,-1,0,'2013-11-24 01:00:00'),(335,22,4,-1,-1,0,'2013-11-24 03:00:00'),(336,8,17,-1,-1,0,'2013-11-24 03:30:00'),(337,18,11,-1,-1,0,'2013-11-24 03:30:00'),(338,2,5,-1,-1,0,'2013-11-24 22:00:00'),(339,7,14,-1,-1,0,'2013-11-24 22:00:00'),(340,1,16,-1,-1,0,'2013-11-26 00:00:00'),(341,21,29,-1,-1,0,'2013-11-26 00:00:00'),(342,11,28,-1,-1,0,'2013-11-26 00:00:00'),(343,20,13,-1,-1,0,'2013-11-26 00:30:00'),(344,26,15,-1,-1,0,'2013-11-26 00:30:00'),(345,19,30,-1,-1,0,'2013-11-26 01:00:00'),(346,27,24,-1,-1,0,'2013-11-26 01:00:00'),(347,6,4,-1,-1,0,'2013-11-26 02:30:00'),(348,22,8,-1,-1,0,'2013-11-26 03:00:00'),(349,9,25,-1,-1,0,'2013-11-27 01:00:00'),(350,2,10,-1,-1,0,'2013-11-28 00:00:00'),(351,11,7,-1,-1,0,'2013-11-28 00:00:00'),(352,12,28,-1,-1,0,'2013-11-28 00:00:00'),(353,23,14,-1,-1,0,'2013-11-28 00:00:00'),(354,29,27,-1,-1,0,'2013-11-28 00:00:00'),(355,5,1,-1,-1,0,'2013-11-28 00:30:00'),(356,20,15,-1,-1,0,'2013-11-28 00:30:00'),(357,26,13,-1,-1,0,'2013-11-28 00:30:00'),(358,16,21,-1,-1,0,'2013-11-28 00:30:00'),(359,30,24,-1,-1,0,'2013-11-28 01:00:00'),(360,17,19,-1,-1,0,'2013-11-28 02:00:00'),(361,3,4,-1,-1,0,'2013-11-28 03:00:00'),(362,18,8,-1,-1,0,'2013-11-28 03:30:00'),(363,14,22,-1,-1,0,'2013-11-29 00:30:00'),(364,27,6,-1,-1,0,'2013-11-29 01:00:00'),(365,15,28,-1,-1,0,'2013-11-29 16:30:00'),(366,1,13,-1,-1,0,'2013-11-29 18:00:00'),(367,20,16,-1,-1,0,'2013-11-29 21:00:00'),(368,12,5,-1,-1,0,'2013-11-29 21:00:00'),(369,25,3,-1,-1,0,'2013-11-29 21:00:00'),(370,18,19,-1,-1,0,'2013-11-29 21:00:00'),(371,23,10,-1,-1,0,'2013-11-29 22:00:00'),(372,30,17,-1,-1,0,'2013-11-29 23:00:00'),(373,7,11,-1,-1,0,'2013-11-30 00:00:00'),(374,29,6,-1,-1,0,'2013-11-30 00:00:00'),(375,2,21,-1,-1,0,'2013-11-30 00:30:00'),(376,9,4,-1,-1,0,'2013-11-30 01:30:00'),(377,13,22,-1,-1,0,'2013-11-30 19:00:00'),(378,1,29,-1,-1,0,'2013-12-01 00:00:00'),(379,10,21,-1,-1,0,'2013-12-01 00:00:00'),(380,26,16,-1,-1,0,'2013-12-01 00:00:00'),(381,11,2,-1,-1,0,'2013-12-01 00:00:00'),(382,12,23,-1,-1,0,'2013-12-01 00:00:00'),(383,27,15,-1,-1,0,'2013-12-01 01:00:00'),(384,24,4,-1,-1,0,'2013-12-01 01:00:00'),(385,17,30,-1,-1,0,'2013-12-01 02:00:00'),(386,8,3,-1,-1,0,'2013-12-01 03:00:00'),(387,18,25,-1,-1,0,'2013-12-01 03:30:00'),(388,7,22,-1,-1,0,'2013-12-01 18:00:00'),(389,14,5,-1,-1,0,'2013-12-01 22:30:00'),(390,9,6,-1,-1,0,'2013-12-01 23:00:00'),(391,13,28,-1,-1,0,'2013-12-03 00:00:00'),(392,10,11,-1,-1,0,'2013-12-03 00:30:00'),(393,30,15,-1,-1,0,'2013-12-03 01:00:00'),(394,8,19,-1,-1,0,'2013-12-03 03:30:00'),(395,21,18,-1,-1,0,'2013-12-04 00:00:00'),(396,12,16,-1,-1,0,'2013-12-04 00:00:00'),(397,23,7,-1,-1,0,'2013-12-04 00:00:00'),(398,29,20,-1,-1,0,'2013-12-04 00:00:00'),(399,26,14,-1,-1,0,'2013-12-04 00:30:00'),(400,4,9,-1,-1,0,'2013-12-04 01:00:00'),(401,27,22,-1,-1,0,'2013-12-04 01:00:00'),(402,6,24,-1,-1,0,'2013-12-04 02:30:00'),(403,25,8,-1,-1,0,'2013-12-04 03:00:00'),(404,11,10,-1,-1,0,'2013-12-05 00:00:00'),(405,5,15,-1,-1,0,'2013-12-05 01:00:00'),(406,3,24,-1,-1,0,'2013-12-05 03:00:00'),(407,2,13,-1,-1,0,'2013-12-06 00:00:00'),(408,21,9,-1,-1,0,'2013-12-06 00:00:00'),(409,16,18,-1,-1,0,'2013-12-06 00:00:00'),(410,10,1,-1,-1,0,'2013-12-06 00:30:00'),(411,20,14,-1,-1,0,'2013-12-06 00:30:00'),(412,26,28,-1,-1,0,'2013-12-06 00:30:00'),(413,19,12,-1,-1,0,'2013-12-06 01:00:00'),(414,27,7,-1,-1,0,'2013-12-06 01:00:00'),(415,30,4,-1,-1,0,'2013-12-06 01:00:00'),(416,6,17,-1,-1,0,'2013-12-06 02:30:00'),(417,11,5,-1,-1,0,'2013-12-07 00:00:00'),(418,7,18,-1,-1,0,'2013-12-07 00:00:00'),(419,29,30,-1,-1,0,'2013-12-07 00:00:00'),(420,4,25,-1,-1,0,'2013-12-07 01:00:00'),(421,3,17,-1,-1,0,'2013-12-07 02:00:00'),(422,22,24,-1,-1,0,'2013-12-07 03:00:00'),(423,9,15,-1,-1,0,'2013-12-07 19:00:00'),(424,1,16,-1,-1,0,'2013-12-08 00:00:00'),(425,10,2,-1,-1,0,'2013-12-08 00:00:00'),(426,14,21,-1,-1,0,'2013-12-08 00:00:00'),(427,5,26,-1,-1,0,'2013-12-08 00:00:00'),(428,20,28,-1,-1,0,'2013-12-08 00:00:00'),(429,23,27,-1,-1,0,'2013-12-08 00:00:00'),(430,13,11,-1,-1,0,'2013-12-08 00:30:00'),(431,19,25,-1,-1,0,'2013-12-08 01:00:00'),(432,6,3,-1,-1,0,'2013-12-08 03:00:00'),(433,8,12,-1,-1,0,'2013-12-08 03:30:00'),(434,30,18,-1,-1,0,'2013-12-08 23:00:00'),(435,21,1,-1,-1,0,'2013-12-09 00:00:00'),(436,13,23,-1,-1,0,'2013-12-09 00:00:00'),(437,4,26,-1,-1,0,'2013-12-09 00:00:00'),(438,22,17,-1,-1,0,'2013-12-09 01:00:00'),(439,14,15,-1,-1,0,'2013-12-10 00:30:00'),(440,16,29,-1,-1,0,'2013-12-10 00:30:00'),(441,22,7,-1,-1,0,'2013-12-10 03:00:00'),(442,25,12,-1,-1,0,'2013-12-10 03:00:00'),(443,2,14,-1,-1,0,'2013-12-11 00:00:00'),(444,23,20,-1,-1,0,'2013-12-11 00:00:00'),(445,29,11,-1,-1,0,'2013-12-11 00:00:00'),(446,10,8,-1,-1,0,'2013-12-11 00:00:00'),(447,26,5,-1,-1,0,'2013-12-11 00:30:00'),(448,13,27,-1,-1,0,'2013-12-11 00:30:00'),(449,28,19,-1,-1,0,'2013-12-11 01:00:00'),(450,9,4,-1,-1,0,'2013-12-11 01:30:00'),(451,17,24,-1,-1,0,'2013-12-11 02:00:00'),(452,3,1,-1,-1,0,'2013-12-11 02:30:00'),(453,6,7,-1,-1,0,'2013-12-11 02:30:00'),(454,18,12,-1,-1,0,'2013-12-11 03:30:00'),(455,21,8,-1,-1,0,'2013-12-12 00:30:00'),(456,4,15,-1,-1,0,'2013-12-12 01:00:00'),(457,25,30,-1,-1,0,'2013-12-12 03:30:00'),(458,13,29,-1,-1,0,'2013-12-13 00:00:00'),(459,15,10,-1,-1,0,'2013-12-13 00:00:00'),(460,14,2,-1,-1,0,'2013-12-13 00:30:00'),(461,20,5,-1,-1,0,'2013-12-13 00:30:00'),(462,19,21,-1,-1,0,'2013-12-13 01:00:00'),(463,27,9,-1,-1,0,'2013-12-13 01:00:00'),(464,28,17,-1,-1,0,'2013-12-13 01:00:00'),(465,3,7,-1,-1,0,'2013-12-13 02:00:00'),(466,24,12,-1,-1,0,'2013-12-13 02:00:00'),(467,6,1,-1,-1,0,'2013-12-13 02:30:00'),(468,18,30,-1,-1,0,'2013-12-13 03:30:00'),(469,16,11,-1,-1,0,'2013-12-14 00:00:00'),(470,26,23,-1,-1,0,'2013-12-14 00:30:00'),(471,22,6,-1,-1,0,'2013-12-14 02:00:00'),(472,2,3,-1,-1,0,'2013-12-14 19:00:00'),(473,14,8,-1,-1,0,'2013-12-14 19:00:00'),(474,28,9,-1,-1,0,'2013-12-14 20:00:00'),(475,21,4,-1,-1,0,'2013-12-15 00:00:00'),(476,5,16,-1,-1,0,'2013-12-15 00:00:00'),(477,11,20,-1,-1,0,'2013-12-15 00:00:00'),(478,12,10,-1,-1,0,'2013-12-15 00:00:00'),(479,29,19,-1,-1,0,'2013-12-15 00:00:00'),(480,27,18,-1,-1,0,'2013-12-15 01:00:00'),(481,24,7,-1,-1,0,'2013-12-15 01:00:00'),(482,17,30,-1,-1,0,'2013-12-15 02:00:00'),(483,22,1,-1,-1,0,'2013-12-15 03:00:00'),(484,23,15,-1,-1,0,'2013-12-15 20:00:00'),(485,5,20,-1,-1,0,'2013-12-15 22:00:00'),(486,10,26,-1,-1,0,'2013-12-15 23:00:00'),(487,13,3,-1,-1,0,'2013-12-16 00:00:00'),(488,4,8,-1,-1,0,'2013-12-16 00:00:00'),(489,25,6,-1,-1,0,'2013-12-16 01:00:00'),(490,16,21,-1,-1,0,'2013-12-17 00:00:00'),(491,29,28,-1,-1,0,'2013-12-17 00:00:00'),(492,14,19,-1,-1,0,'2013-12-17 00:30:00'),(493,17,9,-1,-1,0,'2013-12-17 02:00:00'),(494,1,3,-1,-1,0,'2013-12-18 00:00:00'),(495,2,28,-1,-1,0,'2013-12-18 00:00:00'),(496,21,26,-1,-1,0,'2013-12-18 00:00:00'),(497,12,20,-1,-1,0,'2013-12-18 00:00:00'),(498,10,24,-1,-1,0,'2013-12-18 00:30:00'),(499,5,25,-1,-1,0,'2013-12-18 00:30:00'),(500,15,23,-1,-1,0,'2013-12-18 00:30:00'),(501,19,18,-1,-1,0,'2013-12-18 01:00:00'),(502,27,4,-1,-1,0,'2013-12-18 01:00:00'),(503,30,22,-1,-1,0,'2013-12-18 01:00:00'),(504,9,17,-1,-1,0,'2013-12-18 01:30:00'),(505,8,6,-1,-1,0,'2013-12-18 03:30:00'),(506,11,14,-1,-1,0,'2013-12-19 00:30:00'),(507,13,16,-1,-1,0,'2013-12-19 01:00:00'),(508,2,1,-1,-1,0,'2013-12-20 00:00:00'),(509,21,24,-1,-1,0,'2013-12-20 00:00:00'),(510,15,29,-1,-1,0,'2013-12-20 00:00:00'),(511,16,30,-1,-1,0,'2013-12-20 00:00:00'),(512,14,26,-1,-1,0,'2013-12-20 00:30:00'),(513,5,3,-1,-1,0,'2013-12-20 00:30:00'),(514,20,27,-1,-1,0,'2013-12-20 00:30:00'),(515,19,10,-1,-1,0,'2013-12-20 01:00:00'),(516,9,22,-1,-1,0,'2013-12-20 01:30:00'),(517,17,6,-1,-1,0,'2013-12-20 02:30:00'),(518,8,18,-1,-1,0,'2013-12-20 03:30:00'),(519,11,25,-1,-1,0,'2013-12-21 00:00:00'),(520,13,12,-1,-1,0,'2013-12-21 00:00:00'),(521,7,23,-1,-1,0,'2013-12-21 00:00:00'),(522,4,22,-1,-1,0,'2013-12-21 01:00:00'),(523,28,26,-1,-1,0,'2013-12-21 01:00:00'),(524,16,3,-1,-1,0,'2013-12-21 18:00:00'),(525,14,24,-1,-1,0,'2013-12-21 19:00:00'),(526,8,17,-1,-1,0,'2013-12-21 21:00:00'),(527,1,2,-1,-1,0,'2013-12-22 00:00:00'),(528,21,5,-1,-1,0,'2013-12-22 00:00:00'),(529,20,7,-1,-1,0,'2013-12-22 00:00:00'),(530,12,25,-1,-1,0,'2013-12-22 00:00:00'),(531,23,11,-1,-1,0,'2013-12-22 00:00:00'),(532,29,15,-1,-1,0,'2013-12-22 00:00:00'),(533,27,10,-1,-1,0,'2013-12-22 00:00:00'),(534,6,19,-1,-1,0,'2013-12-22 03:00:00'),(535,18,9,-1,-1,0,'2013-12-22 03:30:00'),(536,13,30,-1,-1,0,'2013-12-23 00:30:00'),(537,22,28,-1,-1,0,'2013-12-23 01:00:00'),(538,2,24,-1,-1,0,'2013-12-24 00:00:00'),(539,13,21,-1,-1,0,'2013-12-24 00:00:00'),(540,23,25,-1,-1,0,'2013-12-24 00:00:00'),(541,7,29,-1,-1,0,'2013-12-24 00:00:00'),(542,14,16,-1,-1,0,'2013-12-24 00:30:00'),(543,5,12,-1,-1,0,'2013-12-24 00:30:00'),(544,26,20,-1,-1,0,'2013-12-24 00:30:00'),(545,15,30,-1,-1,0,'2013-12-24 00:30:00'),(546,4,11,-1,-1,0,'2013-12-24 01:00:00'),(547,27,1,-1,-1,0,'2013-12-24 01:00:00'),(548,3,19,-1,-1,0,'2013-12-24 02:00:00'),(549,6,28,-1,-1,0,'2013-12-24 02:30:00'),(550,8,9,-1,-1,0,'2013-12-24 03:30:00'),(551,18,17,-1,-1,0,'2013-12-24 03:30:00'),(552,1,14,-1,-1,0,'2013-12-28 00:00:00'),(553,11,29,-1,-1,0,'2013-12-28 00:00:00'),(554,23,13,-1,-1,0,'2013-12-28 00:00:00'),(555,7,16,-1,-1,0,'2013-12-28 00:00:00'),(556,21,2,-1,-1,0,'2013-12-28 00:30:00'),(557,4,17,-1,-1,0,'2013-12-28 01:00:00'),(558,28,30,-1,-1,0,'2013-12-28 01:00:00'),(559,9,27,-1,-1,0,'2013-12-28 01:30:00'),(560,3,6,-1,-1,0,'2013-12-28 02:00:00'),(561,24,18,-1,-1,0,'2013-12-28 02:00:00'),(562,14,1,-1,-1,0,'2013-12-29 00:00:00'),(563,20,10,-1,-1,0,'2013-12-29 00:00:00'),(564,26,5,-1,-1,0,'2013-12-29 00:00:00'),(565,12,11,-1,-1,0,'2013-12-29 00:00:00'),(566,19,4,-1,-1,0,'2013-12-29 01:00:00'),(567,27,8,-1,-1,0,'2013-12-29 01:00:00'),(568,25,24,-1,-1,0,'2013-12-29 01:00:00'),(569,6,15,-1,-1,0,'2013-12-29 03:00:00'),(570,2,23,-1,-1,0,'2013-12-29 22:00:00'),(571,26,10,-1,-1,0,'2013-12-29 22:00:00'),(572,29,16,-1,-1,0,'2013-12-29 23:00:00'),(573,9,19,-1,-1,0,'2013-12-29 23:00:00'),(574,21,7,-1,-1,0,'2013-12-30 00:00:00'),(575,20,13,-1,-1,0,'2013-12-30 00:00:00'),(576,3,22,-1,-1,0,'2013-12-30 00:30:00'),(577,30,12,-1,-1,0,'2013-12-30 01:00:00'),(578,17,28,-1,-1,0,'2013-12-30 01:00:00'),(579,18,25,-1,-1,0,'2013-12-30 03:30:00'),(580,14,23,-1,-1,0,'2013-12-31 00:30:00'),(581,4,8,-1,-1,0,'2013-12-31 01:00:00'),(582,27,5,-1,-1,0,'2013-12-31 01:00:00'),(583,22,15,-1,-1,0,'2013-12-31 03:00:00'),(584,11,16,-1,-1,0,'2013-12-31 18:00:00'),(585,26,13,-1,-1,0,'2013-12-31 22:00:00'),(586,30,19,-1,-1,0,'2013-12-31 23:00:00'),(587,1,12,-1,-1,0,'2014-01-01 00:00:00'),(588,7,10,-1,-1,0,'2014-01-01 00:00:00'),(589,28,2,-1,-1,0,'2014-01-01 00:00:00'),(590,9,8,-1,-1,0,'2014-01-01 01:00:00'),(591,17,29,-1,-1,0,'2014-01-01 01:00:00'),(592,25,18,-1,-1,0,'2014-01-01 01:00:00'),(593,3,15,-1,-1,0,'2014-01-01 02:00:00'),(594,24,6,-1,-1,0,'2014-01-01 02:00:00'),(595,5,21,-1,-1,0,'2014-01-01 18:00:00'),(596,22,20,-1,-1,0,'2014-01-02 03:00:00'),(597,1,27,-1,-1,0,'2014-01-03 00:00:00'),(598,12,4,-1,-1,0,'2014-01-03 00:00:00'),(599,23,7,-1,-1,0,'2014-01-03 00:00:00'),(600,14,28,-1,-1,0,'2014-01-03 00:30:00'),(601,19,8,-1,-1,0,'2014-01-03 01:00:00'),(602,30,2,-1,-1,0,'2014-01-03 01:00:00'),(603,9,10,-1,-1,0,'2014-01-03 01:30:00'),(604,17,15,-1,-1,0,'2014-01-03 02:00:00'),(605,24,29,-1,-1,0,'2014-01-03 02:00:00'),(606,18,6,-1,-1,0,'2014-01-03 03:30:00'),(607,11,4,-1,-1,0,'2014-01-04 00:00:00'),(608,16,13,-1,-1,0,'2014-01-04 00:00:00'),(609,3,20,-1,-1,0,'2014-01-04 02:00:00'),(610,25,6,-1,-1,0,'2014-01-04 03:00:00'),(611,1,28,-1,-1,0,'2014-01-04 18:00:00'),(612,17,18,-1,-1,0,'2014-01-04 20:00:00'),(613,2,11,-1,-1,0,'2014-01-05 00:00:00'),(614,21,13,-1,-1,0,'2014-01-05 00:00:00'),(615,10,14,-1,-1,0,'2014-01-05 00:00:00'),(616,26,27,-1,-1,0,'2014-01-05 00:00:00'),(617,12,7,-1,-1,0,'2014-01-05 00:00:00'),(618,19,29,-1,-1,0,'2014-01-05 01:00:00'),(619,9,5,-1,-1,0,'2014-01-05 01:00:00'),(620,30,23,-1,-1,0,'2014-01-05 01:00:00'),(621,24,15,-1,-1,0,'2014-01-05 01:00:00'),(622,8,22,-1,-1,0,'2014-01-05 03:00:00'),(623,16,28,-1,-1,0,'2014-01-05 18:00:00'),(624,7,27,-1,-1,0,'2014-01-06 00:00:00'),(625,4,18,-1,-1,0,'2014-01-06 01:00:00'),(626,6,20,-1,-1,0,'2014-01-06 01:00:00'),(627,25,22,-1,-1,0,'2014-01-06 01:00:00'),(628,12,9,-1,-1,0,'2014-01-07 00:00:00'),(629,13,29,-1,-1,0,'2014-01-07 00:00:00'),(630,10,26,-1,-1,0,'2014-01-07 00:30:00'),(631,17,3,-1,-1,0,'2014-01-07 02:00:00'),(632,2,7,-1,-1,0,'2014-01-08 00:00:00'),(633,21,12,-1,-1,0,'2014-01-08 00:00:00'),(634,11,15,-1,-1,0,'2014-01-08 00:30:00'),(635,27,18,-1,-1,0,'2014-01-08 01:00:00'),(636,28,20,-1,-1,0,'2014-01-08 01:00:00'),(637,24,3,-1,-1,0,'2014-01-08 02:00:00'),(638,6,19,-1,-1,0,'2014-01-08 02:30:00'),(639,22,16,-1,-1,0,'2014-01-08 03:00:00'),(640,25,1,-1,-1,0,'2014-01-08 03:00:00'),(641,8,30,-1,-1,0,'2014-01-08 03:30:00'),(642,15,10,-1,-1,0,'2014-01-09 00:30:00'),(643,4,13,-1,-1,0,'2014-01-09 01:00:00'),(644,17,14,-1,-1,0,'2014-01-09 02:30:00'),(645,2,26,-1,-1,0,'2014-01-10 00:00:00'),(646,11,9,-1,-1,0,'2014-01-10 00:00:00'),(647,7,21,-1,-1,0,'2014-01-10 00:00:00'),(648,20,23,-1,-1,0,'2014-01-10 00:30:00'),(649,27,25,-1,-1,0,'2014-01-10 01:00:00'),(650,3,19,-1,-1,0,'2014-01-10 02:00:00'),(651,24,30,-1,-1,0,'2014-01-10 02:00:00'),(652,8,1,-1,-1,0,'2014-01-10 03:30:00'),(653,18,5,-1,-1,0,'2014-01-10 03:30:00'),(654,13,9,-1,-1,0,'2014-01-11 00:00:00'),(655,23,21,-1,-1,0,'2014-01-11 00:00:00'),(656,29,7,-1,-1,0,'2014-01-11 00:00:00'),(657,17,12,-1,-1,0,'2014-01-11 02:00:00'),(658,6,16,-1,-1,0,'2014-01-11 03:00:00'),(659,22,19,-1,-1,0,'2014-01-11 03:00:00'),(660,15,20,-1,-1,0,'2014-01-11 18:00:00'),(661,10,4,-1,-1,0,'2014-01-12 00:00:00'),(662,11,26,-1,-1,0,'2014-01-12 00:00:00'),(663,27,14,-1,-1,0,'2014-01-12 00:00:00'),(664,28,29,-1,-1,0,'2014-01-12 00:00:00'),(665,30,17,-1,-1,0,'2014-01-12 01:00:00'),(666,24,25,-1,-1,0,'2014-01-12 01:00:00'),(667,3,16,-1,-1,0,'2014-01-12 03:00:00'),(668,8,5,-1,-1,0,'2014-01-12 03:30:00'),(669,18,1,-1,-1,0,'2014-01-12 03:30:00'),(670,23,2,-1,-1,0,'2014-01-12 20:00:00'),(671,9,12,-1,-1,0,'2014-01-12 23:00:00'),(672,21,11,-1,-1,0,'2014-01-13 00:00:00'),(673,13,15,-1,-1,0,'2014-01-13 00:00:00'),(674,4,6,-1,-1,0,'2014-01-13 00:00:00'),(675,27,30,-1,-1,0,'2014-01-13 00:00:00'),(676,25,5,-1,-1,0,'2014-01-13 01:00:00'),(677,7,3,-1,-1,0,'2014-01-14 00:00:00'),(678,29,20,-1,-1,0,'2014-01-14 00:00:00'),(679,28,24,-1,-1,0,'2014-01-14 01:00:00'),(680,8,22,-1,-1,0,'2014-01-14 03:30:00'),(681,1,21,-1,-1,0,'2014-01-15 00:00:00'),(682,13,20,-1,-1,0,'2014-01-15 00:00:00'),(683,23,18,-1,-1,0,'2014-01-15 00:00:00'),(684,2,15,-1,-1,0,'2014-01-15 00:30:00'),(685,10,11,-1,-1,0,'2014-01-15 00:30:00'),(686,26,12,-1,-1,0,'2014-01-15 00:30:00'),(687,4,17,-1,-1,0,'2014-01-15 01:00:00'),(688,19,24,-1,-1,0,'2014-01-15 01:00:00'),(689,27,3,-1,-1,0,'2014-01-15 01:00:00'),(690,30,14,-1,-1,0,'2014-01-15 01:00:00'),(691,9,6,-1,-1,0,'2014-01-15 01:30:00'),(692,21,2,-1,-1,0,'2014-01-16 00:30:00'),(693,16,23,-1,-1,0,'2014-01-16 01:00:00'),(694,25,22,-1,-1,0,'2014-01-16 03:30:00'),(695,13,5,-1,-1,0,'2014-01-17 00:00:00'),(696,15,27,-1,-1,0,'2014-01-17 00:00:00'),(697,14,10,-1,-1,0,'2014-01-17 00:30:00'),(698,20,12,-1,-1,0,'2014-01-17 00:30:00'),(699,26,18,-1,-1,0,'2014-01-17 00:30:00'),(700,19,8,-1,-1,0,'2014-01-17 01:00:00'),(701,30,6,-1,-1,0,'2014-01-17 01:00:00'),(702,9,1,-1,-1,0,'2014-01-17 01:30:00'),(703,17,11,-1,-1,0,'2014-01-17 02:00:00'),(704,3,28,-1,-1,0,'2014-01-17 02:00:00'),(705,24,22,-1,-1,0,'2014-01-17 02:00:00'),(706,29,23,-1,-1,0,'2014-01-18 00:00:00'),(707,4,25,-1,-1,0,'2014-01-18 01:00:00'),(708,14,13,-1,-1,0,'2014-01-18 19:00:00'),(709,20,18,-1,-1,0,'2014-01-18 19:00:00'),(710,28,6,-1,-1,0,'2014-01-18 19:00:00'),(711,2,29,-1,-1,0,'2014-01-19 00:00:00'),(712,21,10,-1,-1,0,'2014-01-19 00:00:00'),(713,5,8,-1,-1,0,'2014-01-19 00:00:00'),(714,15,12,-1,-1,0,'2014-01-19 00:00:00'),(715,7,26,-1,-1,0,'2014-01-19 00:00:00'),(716,19,25,-1,-1,0,'2014-01-19 01:00:00'),(717,27,17,-1,-1,0,'2014-01-19 01:00:00'),(718,24,11,-1,-1,0,'2014-01-19 01:00:00'),(719,30,9,-1,-1,0,'2014-01-19 02:00:00'),(720,22,3,-1,-1,0,'2014-01-19 03:00:00'),(721,4,1,-1,-1,0,'2014-01-19 20:00:00'),(722,7,20,-1,-1,0,'2014-01-19 22:00:00'),(723,13,23,-1,-1,0,'2014-01-20 00:30:00'),(724,12,15,-1,-1,0,'2014-01-20 18:00:00'),(725,1,8,-1,-1,0,'2014-01-20 20:00:00'),(726,16,26,-1,-1,0,'2014-01-21 00:00:00'),(727,5,19,-1,-1,0,'2014-01-21 00:30:00'),(728,27,9,-1,-1,0,'2014-01-21 01:00:00'),(729,24,21,-1,-1,0,'2014-01-21 01:00:00'),(730,18,3,-1,-1,0,'2014-01-21 03:30:00'),(731,2,26,-1,-1,0,'2014-01-22 00:00:00'),(732,11,19,-1,-1,0,'2014-01-22 00:00:00'),(733,13,12,-1,-1,0,'2014-01-22 00:00:00'),(734,15,7,-1,-1,0,'2014-01-22 00:00:00'),(735,23,14,-1,-1,0,'2014-01-22 00:00:00'),(736,29,8,-1,-1,0,'2014-01-22 00:00:00'),(737,9,30,-1,-1,0,'2014-01-22 01:00:00'),(738,17,21,-1,-1,0,'2014-01-22 02:00:00'),(739,6,22,-1,-1,0,'2014-01-22 02:30:00'),(740,25,28,-1,-1,0,'2014-01-22 03:00:00'),(741,16,10,-1,-1,0,'2014-01-23 00:00:00'),(742,5,4,-1,-1,0,'2014-01-23 01:00:00'),(743,3,24,-1,-1,0,'2014-01-23 02:30:00'),(744,2,7,-1,-1,0,'2014-01-24 00:00:00'),(745,13,19,-1,-1,0,'2014-01-24 00:00:00'),(746,29,15,-1,-1,0,'2014-01-24 00:00:00'),(747,20,14,-1,-1,0,'2014-01-24 00:30:00'),(748,12,16,-1,-1,0,'2014-01-24 00:30:00'),(749,30,4,-1,-1,0,'2014-01-24 01:00:00'),(750,9,21,-1,-1,0,'2014-01-24 01:00:00'),(751,22,27,-1,-1,0,'2014-01-24 03:00:00'),(752,25,8,-1,-1,0,'2014-01-24 03:00:00'),(753,18,28,-1,-1,0,'2014-01-24 03:30:00'),(754,11,23,-1,-1,0,'2014-01-25 00:00:00'),(755,7,14,-1,-1,0,'2014-01-25 00:00:00'),(756,5,10,-1,-1,0,'2014-01-25 00:30:00'),(757,26,17,-1,-1,0,'2014-01-25 00:30:00'),(758,3,27,-1,-1,0,'2014-01-25 02:00:00'),(759,6,24,-1,-1,0,'2014-01-25 02:30:00'),(760,12,19,-1,-1,0,'2014-01-25 18:00:00'),(761,15,1,-1,-1,0,'2014-01-25 18:00:00'),(762,10,23,-1,-1,0,'2014-01-26 00:00:00'),(763,20,17,-1,-1,0,'2014-01-26 00:00:00'),(764,29,2,-1,-1,0,'2014-01-26 00:00:00'),(765,28,21,-1,-1,0,'2014-01-26 00:00:00'),(766,9,16,-1,-1,0,'2014-01-26 01:00:00'),(767,8,25,-1,-1,0,'2014-01-26 02:30:00'),(768,18,30,-1,-1,0,'2014-01-26 03:30:00'),(769,11,13,-1,-1,0,'2014-01-26 17:30:00'),(770,5,26,-1,-1,0,'2014-01-26 22:00:00'),(771,4,28,-1,-1,0,'2014-01-27 00:00:00'),(772,6,27,-1,-1,0,'2014-01-27 01:00:00'),(773,22,24,-1,-1,0,'2014-01-27 01:00:00'),(774,12,1,-1,-1,0,'2014-01-28 00:00:00'),(775,7,29,-1,-1,0,'2014-01-28 00:00:00'),(776,16,2,-1,-1,0,'2014-01-28 00:30:00'),(777,9,17,-1,-1,0,'2014-01-28 01:30:00'),(778,22,6,-1,-1,0,'2014-01-28 03:00:00'),(779,18,8,-1,-1,0,'2014-01-28 03:00:00'),(780,1,26,-1,-1,0,'2014-01-29 00:00:00'),(781,21,20,-1,-1,0,'2014-01-29 00:00:00'),(782,15,5,-1,-1,0,'2014-01-29 00:00:00'),(783,29,14,-1,-1,0,'2014-01-29 00:00:00'),(784,2,23,-1,-1,0,'2014-01-29 00:30:00'),(785,10,7,-1,-1,0,'2014-01-29 00:30:00'),(786,19,11,-1,-1,0,'2014-01-29 01:00:00'),(787,28,27,-1,-1,0,'2014-01-29 01:00:00'),(788,24,8,-1,-1,0,'2014-01-29 02:00:00'),(789,3,4,-1,-1,0,'2014-01-29 02:30:00'),(790,25,30,-1,-1,0,'2014-01-29 03:00:00'),(791,12,13,-1,-1,0,'2014-01-30 00:30:00'),(792,6,18,-1,-1,0,'2014-01-30 02:30:00'),(793,22,4,-1,-1,0,'2014-01-30 03:30:00'),(794,1,10,-1,-1,0,'2014-01-31 00:00:00'),(795,21,26,-1,-1,0,'2014-01-31 00:00:00'),(796,29,23,-1,-1,0,'2014-01-31 00:00:00'),(797,14,20,-1,-1,0,'2014-01-31 00:30:00'),(798,9,11,-1,-1,0,'2014-01-31 01:30:00'),(799,17,30,-1,-1,0,'2014-01-31 02:00:00'),(800,3,18,-1,-1,0,'2014-01-31 02:00:00'),(801,24,2,-1,-1,0,'2014-01-31 02:00:00'),(802,25,15,-1,-1,0,'2014-01-31 03:00:00'),(803,8,16,-1,-1,0,'2014-01-31 03:30:00'),(804,13,12,-1,-1,0,'2014-02-01 00:00:00'),(805,7,19,-1,-1,0,'2014-02-01 00:00:00'),(806,5,23,-1,-1,0,'2014-02-01 00:30:00'),(807,27,11,-1,-1,0,'2014-02-01 01:00:00'),(808,28,22,-1,-1,0,'2014-02-01 01:30:00'),(809,1,6,-1,-1,0,'2014-02-01 18:00:00'),(810,10,20,-1,-1,0,'2014-02-01 18:00:00'),(811,17,2,-1,-1,0,'2014-02-01 20:00:00'),(812,8,15,-1,-1,0,'2014-02-01 21:00:00'),(813,21,14,-1,-1,0,'2014-02-02 00:00:00'),(814,29,26,-1,-1,0,'2014-02-02 00:00:00'),(815,19,27,-1,-1,0,'2014-02-02 01:00:00'),(816,24,16,-1,-1,0,'2014-02-02 01:00:00'),(817,3,30,-1,-1,0,'2014-02-02 03:00:00'),(818,25,9,-1,-1,0,'2014-02-02 03:00:00'),(819,18,4,-1,-1,0,'2014-02-02 03:30:00'),(820,23,5,-1,-1,0,'2014-02-02 17:30:00'),(821,10,28,-1,-1,0,'2014-02-02 18:00:00'),(822,2,6,-1,-1,0,'2014-02-04 00:00:00'),(823,16,14,-1,-1,0,'2014-02-04 00:00:00'),(824,5,22,-1,-1,0,'2014-02-04 00:30:00'),(825,11,17,-1,-1,0,'2014-02-04 00:30:00'),(826,25,29,-1,-1,0,'2014-02-04 03:00:00'),(827,8,4,-1,-1,0,'2014-02-04 03:30:00'),(828,18,15,-1,-1,0,'2014-02-04 03:30:00'),(829,1,22,-1,-1,0,'2014-02-05 00:00:00'),(830,13,17,-1,-1,0,'2014-02-05 00:00:00'),(831,7,28,-1,-1,0,'2014-02-05 00:00:00'),(832,10,3,-1,-1,0,'2014-02-05 00:30:00'),(833,26,21,-1,-1,0,'2014-02-05 00:30:00'),(834,23,12,-1,-1,0,'2014-02-05 00:30:00'),(835,19,14,-1,-1,0,'2014-02-05 01:00:00'),(836,30,20,-1,-1,0,'2014-02-05 01:00:00'),(837,24,9,-1,-1,0,'2014-02-05 02:00:00'),(838,2,16,-1,-1,0,'2014-02-06 00:30:00'),(839,25,4,-1,-1,0,'2014-02-06 03:00:00'),(840,18,9,-1,-1,0,'2014-02-06 03:30:00'),(841,12,3,-1,-1,0,'2014-02-07 00:00:00'),(842,13,6,-1,-1,0,'2014-02-07 00:00:00'),(843,15,17,-1,-1,0,'2014-02-07 00:00:00'),(844,23,28,-1,-1,0,'2014-02-07 00:00:00'),(845,10,22,-1,-1,0,'2014-02-07 00:30:00'),(846,14,2,-1,-1,0,'2014-02-07 00:30:00'),(847,20,21,-1,-1,0,'2014-02-07 00:30:00'),(848,26,5,-1,-1,0,'2014-02-07 00:30:00'),(849,19,1,-1,-1,0,'2014-02-07 01:00:00'),(850,30,27,-1,-1,0,'2014-02-07 01:00:00'),(851,8,29,-1,-1,0,'2014-02-07 03:30:00'),(852,11,6,-1,-1,0,'2014-02-08 00:00:00'),(853,16,13,-1,-1,0,'2014-02-08 00:00:00'),(854,7,26,-1,-1,0,'2014-02-08 00:00:00'),(855,24,4,-1,-1,0,'2014-02-08 02:00:00'),(856,18,29,-1,-1,0,'2014-02-08 03:30:00'),(857,15,3,-1,-1,0,'2014-02-08 18:00:00'),(858,19,28,-1,-1,0,'2014-02-08 19:00:00'),(859,1,14,-1,-1,0,'2014-02-08 20:00:00'),(860,21,22,-1,-1,0,'2014-02-08 23:00:00'),(861,7,10,-1,-1,0,'2014-02-08 23:00:00'),(862,20,5,-1,-1,0,'2014-02-09 00:00:00'),(863,12,17,-1,-1,0,'2014-02-09 00:00:00'),(864,23,11,-1,-1,0,'2014-02-09 01:00:00'),(865,27,25,-1,-1,0,'2014-02-09 01:00:00'),(866,9,24,-1,-1,0,'2014-02-09 01:00:00'),(867,2,1,-1,-1,0,'2014-02-27 00:30:00'),(868,10,5,-1,-1,0,'2014-02-27 00:30:00'),(869,17,8,-1,-1,0,'2014-02-27 03:00:00'),(870,22,19,-1,-1,0,'2014-02-27 03:30:00'),(871,11,29,-1,-1,0,'2014-02-28 00:00:00'),(872,12,21,-1,-1,0,'2014-02-28 00:00:00'),(873,13,4,-1,-1,0,'2014-02-28 00:00:00'),(874,15,18,-1,-1,0,'2014-02-28 00:00:00'),(875,16,10,-1,-1,0,'2014-02-28 00:00:00'),(876,14,5,-1,-1,0,'2014-02-28 00:30:00'),(877,26,23,-1,-1,0,'2014-02-28 00:30:00'),(878,27,20,-1,-1,0,'2014-02-28 01:00:00'),(879,28,24,-1,-1,0,'2014-02-28 01:00:00'),(880,9,7,-1,-1,0,'2014-02-28 01:30:00'),(881,3,8,-1,-1,0,'2014-02-28 02:30:00'),(882,6,30,-1,-1,0,'2014-02-28 02:30:00'),(883,2,18,-1,-1,0,'2014-03-01 00:00:00'),(884,17,24,-1,-1,0,'2014-03-01 02:00:00'),(885,22,30,-1,-1,0,'2014-03-01 03:00:00'),(886,25,19,-1,-1,0,'2014-03-01 03:00:00'),(887,1,23,-1,-1,0,'2014-03-01 18:00:00'),(888,12,11,-1,-1,0,'2014-03-01 18:00:00'),(889,15,13,-1,-1,0,'2014-03-01 18:00:00'),(890,29,26,-1,-1,0,'2014-03-01 19:00:00'),(891,27,28,-1,-1,0,'2014-03-01 20:00:00'),(892,9,20,-1,-1,0,'2014-03-01 20:00:00'),(893,8,7,-1,-1,0,'2014-03-01 21:00:00'),(894,10,21,-1,-1,0,'2014-03-02 00:00:00'),(895,4,16,-1,-1,0,'2014-03-02 01:00:00'),(896,6,3,-1,-1,0,'2014-03-02 03:00:00'),(897,23,15,-1,-1,0,'2014-03-02 17:30:00'),(898,11,18,-1,-1,0,'2014-03-02 20:00:00'),(899,12,26,-1,-1,0,'2014-03-02 20:00:00'),(900,22,14,-1,-1,0,'2014-03-02 21:00:00'),(901,13,1,-1,-1,0,'2014-03-03 00:00:00'),(902,17,20,-1,-1,0,'2014-03-03 01:00:00'),(903,24,19,-1,-1,0,'2014-03-03 01:00:00'),(904,25,7,-1,-1,0,'2014-03-03 01:00:00'),(905,21,29,-1,-1,0,'2014-03-04 00:00:00'),(906,9,2,-1,-1,0,'2014-03-04 01:00:00'),(907,30,3,-1,-1,0,'2014-03-04 01:00:00'),(908,8,10,-1,-1,0,'2014-03-04 03:30:00'),(909,1,26,-1,-1,0,'2014-03-05 00:00:00'),(910,11,5,-1,-1,0,'2014-03-05 00:00:00'),(911,29,9,-1,-1,0,'2014-03-05 00:00:00'),(912,4,17,-1,-1,0,'2014-03-05 01:00:00'),(913,19,20,-1,-1,0,'2014-03-05 01:00:00'),(914,27,16,-1,-1,0,'2014-03-05 01:00:00'),(915,28,12,-1,-1,0,'2014-03-05 01:00:00'),(916,24,22,-1,-1,0,'2014-03-05 02:00:00'),(917,6,14,-1,-1,0,'2014-03-05 02:30:00'),(918,18,7,-1,-1,0,'2014-03-05 03:30:00'),(919,13,21,-1,-1,0,'2014-03-06 00:00:00'),(920,15,23,-1,-1,0,'2014-03-06 01:00:00'),(921,3,14,-1,-1,0,'2014-03-06 02:30:00'),(922,25,10,-1,-1,0,'2014-03-06 03:00:00'),(923,1,23,-1,-1,0,'2014-03-07 00:00:00'),(924,28,8,-1,-1,0,'2014-03-07 00:00:00'),(925,5,17,-1,-1,0,'2014-03-07 00:30:00'),(926,20,2,-1,-1,0,'2014-03-07 00:30:00'),(927,4,29,-1,-1,0,'2014-03-07 01:00:00'),(928,27,19,-1,-1,0,'2014-03-07 01:00:00'),(929,9,22,-1,-1,0,'2014-03-07 01:30:00'),(930,24,10,-1,-1,0,'2014-03-07 02:00:00'),(931,6,12,-1,-1,0,'2014-03-07 02:30:00'),(932,18,16,-1,-1,0,'2014-03-07 03:30:00'),(933,7,13,-1,-1,0,'2014-03-08 00:00:00'),(934,5,11,-1,-1,0,'2014-03-08 00:30:00'),(935,26,2,-1,-1,0,'2014-03-08 00:30:00'),(936,3,12,-1,-1,0,'2014-03-08 02:00:00'),(937,25,16,-1,-1,0,'2014-03-08 03:00:00'),(938,28,14,-1,-1,0,'2014-03-08 20:00:00'),(939,17,19,-1,-1,0,'2014-03-08 20:00:00'),(940,21,15,-1,-1,0,'2014-03-09 00:00:00'),(941,20,1,-1,-1,0,'2014-03-09 00:00:00'),(942,11,7,-1,-1,0,'2014-03-09 00:00:00'),(943,23,24,-1,-1,0,'2014-03-09 00:00:00'),(944,27,29,-1,-1,0,'2014-03-09 01:00:00'),(945,9,30,-1,-1,0,'2014-03-09 01:30:00'),(946,22,3,-1,-1,0,'2014-03-09 03:00:00'),(947,18,10,-1,-1,0,'2014-03-09 03:00:00'),(948,26,1,-1,-1,0,'2014-03-09 21:00:00'),(949,2,4,-1,-1,0,'2014-03-09 23:30:00'),(950,13,5,-1,-1,0,'2014-03-09 23:30:00'),(951,30,19,-1,-1,0,'2014-03-10 00:00:00'),(952,6,8,-1,-1,0,'2014-03-10 00:00:00'),(953,23,16,-1,-1,0,'2014-03-10 23:00:00'),(954,14,27,-1,-1,0,'2014-03-10 23:30:00'),(955,20,24,-1,-1,0,'2014-03-10 23:30:00'),(956,9,29,-1,-1,0,'2014-03-11 00:30:00'),(957,17,28,-1,-1,0,'2014-03-11 01:00:00'),(958,3,8,-1,-1,0,'2014-03-11 01:00:00'),(959,22,12,-1,-1,0,'2014-03-11 02:00:00'),(960,25,21,-1,-1,0,'2014-03-11 02:00:00'),(961,2,27,-1,-1,0,'2014-03-11 23:00:00'),(962,15,11,-1,-1,0,'2014-03-11 23:00:00'),(963,7,13,-1,-1,0,'2014-03-11 23:00:00'),(964,29,5,-1,-1,0,'2014-03-11 23:00:00'),(965,26,24,-1,-1,0,'2014-03-11 23:30:00'),(966,16,23,-1,-1,0,'2014-03-11 23:30:00'),(967,19,9,-1,-1,0,'2014-03-12 00:00:00'),(968,30,6,-1,-1,0,'2014-03-12 00:00:00'),(969,18,21,-1,-1,0,'2014-03-12 02:30:00'),(970,10,1,-1,-1,0,'2014-03-12 23:30:00'),(971,28,22,-1,-1,0,'2014-03-12 23:30:00'),(972,17,4,-1,-1,0,'2014-03-13 01:30:00'),(973,3,25,-1,-1,0,'2014-03-13 02:00:00'),(974,1,24,-1,-1,0,'2014-03-13 23:00:00'),(975,7,2,-1,-1,0,'2014-03-13 23:00:00'),(976,29,18,-1,-1,0,'2014-03-13 23:00:00'),(977,20,26,-1,-1,0,'2014-03-13 23:30:00'),(978,19,6,-1,-1,0,'2014-03-14 00:00:00'),(979,30,13,-1,-1,0,'2014-03-14 00:00:00'),(980,8,21,-1,-1,0,'2014-03-14 02:30:00'),(981,12,18,-1,-1,0,'2014-03-14 23:00:00'),(982,23,22,-1,-1,0,'2014-03-14 23:00:00'),(983,5,6,-1,-1,0,'2014-03-14 23:30:00'),(984,26,11,-1,-1,0,'2014-03-14 23:30:00'),(985,4,27,-1,-1,0,'2014-03-15 00:00:00'),(986,28,13,-1,-1,0,'2014-03-15 00:00:00'),(987,9,3,-1,-1,0,'2014-03-15 00:30:00'),(988,17,25,-1,-1,0,'2014-03-15 01:00:00'),(989,1,7,-1,-1,0,'2014-03-15 17:00:00'),(990,15,16,-1,-1,0,'2014-03-15 17:00:00'),(991,10,14,-1,-1,0,'2014-03-15 23:00:00'),(992,20,11,-1,-1,0,'2014-03-15 23:00:00'),(993,12,2,-1,-1,0,'2014-03-15 23:00:00'),(994,27,19,-1,-1,0,'2014-03-16 00:00:00'),(995,30,29,-1,-1,0,'2014-03-16 00:00:00'),(996,24,3,-1,-1,0,'2014-03-16 02:00:00'),(997,8,25,-1,-1,0,'2014-03-16 02:30:00'),(998,26,22,-1,-1,0,'2014-03-16 19:00:00'),(999,23,21,-1,-1,0,'2014-03-16 19:00:00'),(1000,7,6,-1,-1,0,'2014-03-16 19:00:00'),(1001,13,18,-1,-1,0,'2014-03-16 20:00:00'),(1002,14,17,-1,-1,0,'2014-03-16 21:00:00'),(1003,2,10,-1,-1,0,'2014-03-16 23:00:00'),(1004,16,15,-1,-1,0,'2014-03-16 23:30:00'),(1005,4,5,-1,-1,0,'2014-03-16 23:30:00'),(1006,28,9,-1,-1,0,'2014-03-17 00:00:00'),(1007,1,30,-1,-1,0,'2014-03-17 23:30:00'),(1008,20,22,-1,-1,0,'2014-03-17 23:30:00'),(1009,19,28,-1,-1,0,'2014-03-18 00:00:00'),(1010,8,24,-1,-1,0,'2014-03-18 02:30:00'),(1011,11,1,-1,-1,0,'2014-03-18 23:00:00'),(1012,12,30,-1,-1,0,'2014-03-18 23:00:00'),(1013,16,9,-1,-1,0,'2014-03-18 23:00:00'),(1014,29,7,-1,-1,0,'2014-03-18 23:00:00'),(1015,10,17,-1,-1,0,'2014-03-18 23:30:00'),(1016,14,13,-1,-1,0,'2014-03-18 23:30:00'),(1017,5,21,-1,-1,0,'2014-03-18 23:30:00'),(1018,15,4,-1,-1,0,'2014-03-18 23:30:00'),(1019,3,2,-1,-1,0,'2014-03-19 01:00:00'),(1020,6,27,-1,-1,0,'2014-03-19 01:30:00'),(1021,25,23,-1,-1,0,'2014-03-19 02:00:00'),(1022,18,26,-1,-1,0,'2014-03-19 02:30:00'),(1023,21,20,-1,-1,0,'2014-03-19 23:00:00'),(1024,4,19,-1,-1,0,'2014-03-20 00:00:00'),(1025,28,17,-1,-1,0,'2014-03-20 00:00:00'),(1026,22,27,-1,-1,0,'2014-03-20 02:00:00'),(1027,11,30,-1,-1,0,'2014-03-20 23:00:00'),(1028,15,9,-1,-1,0,'2014-03-20 23:00:00'),(1029,10,29,-1,-1,0,'2014-03-20 23:30:00'),(1030,14,20,-1,-1,0,'2014-03-20 23:30:00'),(1031,5,16,-1,-1,0,'2014-03-20 23:30:00'),(1032,6,2,-1,-1,0,'2014-03-21 01:30:00'),(1033,24,26,-1,-1,0,'2014-03-21 02:00:00'),(1034,8,23,-1,-1,0,'2014-03-21 02:30:00'),(1035,18,25,-1,-1,0,'2014-03-21 02:30:00'),(1036,29,13,-1,-1,0,'2014-03-21 23:00:00'),(1037,4,7,-1,-1,0,'2014-03-22 00:00:00'),(1038,17,1,-1,-1,0,'2014-03-22 01:00:00'),(1039,3,27,-1,-1,0,'2014-03-22 01:00:00'),(1040,15,19,-1,-1,0,'2014-03-22 17:00:00'),(1041,16,20,-1,-1,0,'2014-03-22 17:00:00'),(1042,30,5,-1,-1,0,'2014-03-22 18:00:00'),(1043,9,14,-1,-1,0,'2014-03-22 19:00:00'),(1044,8,26,-1,-1,0,'2014-03-22 20:00:00'),(1045,21,10,-1,-1,0,'2014-03-22 23:00:00'),(1046,11,13,-1,-1,0,'2014-03-22 23:00:00'),(1047,28,7,-1,-1,0,'2014-03-22 23:00:00'),(1048,24,1,-1,-1,0,'2014-03-23 01:00:00'),(1049,6,3,-1,-1,0,'2014-03-23 02:00:00'),(1050,18,23,-1,-1,0,'2014-03-23 02:30:00'),(1051,12,29,-1,-1,0,'2014-03-23 17:00:00'),(1052,16,19,-1,-1,0,'2014-03-23 17:00:00'),(1053,11,21,-1,-1,0,'2014-03-23 23:00:00'),(1054,4,27,-1,-1,0,'2014-03-23 23:00:00'),(1055,5,30,-1,-1,0,'2014-03-23 23:30:00'),(1056,22,2,-1,-1,0,'2014-03-24 00:00:00'),(1057,25,26,-1,-1,0,'2014-03-24 00:00:00'),(1058,13,24,-1,-1,0,'2014-03-24 23:00:00'),(1059,15,8,-1,-1,0,'2014-03-24 23:00:00'),(1060,1,10,-1,-1,0,'2014-03-24 23:30:00'),(1061,20,14,-1,-1,0,'2014-03-24 23:30:00'),(1062,9,28,-1,-1,0,'2014-03-25 00:30:00'),(1063,3,18,-1,-1,0,'2014-03-25 01:00:00'),(1064,21,19,-1,-1,0,'2014-03-25 23:00:00'),(1065,16,24,-1,-1,0,'2014-03-25 23:00:00'),(1066,23,8,-1,-1,0,'2014-03-25 23:00:00'),(1067,7,12,-1,-1,0,'2014-03-25 23:00:00'),(1068,10,2,-1,-1,0,'2014-03-25 23:30:00'),(1069,26,14,-1,-1,0,'2014-03-25 23:30:00'),(1070,29,5,-1,-1,0,'2014-03-25 23:30:00'),(1071,4,9,-1,-1,0,'2014-03-26 00:00:00'),(1072,27,17,-1,-1,0,'2014-03-26 00:00:00'),(1073,6,18,-1,-1,0,'2014-03-26 01:30:00'),(1074,30,22,-1,-1,0,'2014-03-26 23:30:00'),(1075,13,15,-1,-1,0,'2014-03-27 00:00:00'),(1076,3,25,-1,-1,0,'2014-03-27 02:00:00'),(1077,1,4,-1,-1,0,'2014-03-27 23:00:00'),(1078,11,24,-1,-1,0,'2014-03-27 23:00:00'),(1079,16,8,-1,-1,0,'2014-03-27 23:00:00'),(1080,5,10,-1,-1,0,'2014-03-27 23:00:00'),(1081,20,12,-1,-1,0,'2014-03-27 23:30:00'),(1082,26,7,-1,-1,0,'2014-03-27 23:30:00'),(1083,19,30,-1,-1,0,'2014-03-28 00:00:00'),(1084,27,2,-1,-1,0,'2014-03-28 00:00:00'),(1085,17,22,-1,-1,0,'2014-03-28 01:00:00'),(1086,18,28,-1,-1,0,'2014-03-28 02:30:00'),(1087,15,21,-1,-1,0,'2014-03-28 23:00:00'),(1088,29,16,-1,-1,0,'2014-03-28 23:00:00'),(1089,14,4,-1,-1,0,'2014-03-28 23:30:00'),(1090,9,27,-1,-1,0,'2014-03-29 00:30:00'),(1091,3,13,-1,-1,0,'2014-03-29 01:00:00'),(1092,6,25,-1,-1,0,'2014-03-29 01:30:00'),(1093,23,1,-1,-1,0,'2014-03-29 16:30:00'),(1094,17,18,-1,-1,0,'2014-03-29 19:00:00'),(1095,2,20,-1,-1,0,'2014-03-29 23:00:00'),(1096,21,5,-1,-1,0,'2014-03-29 23:00:00'),(1097,26,10,-1,-1,0,'2014-03-29 23:00:00'),(1098,12,11,-1,-1,0,'2014-03-29 23:00:00'),(1099,7,29,-1,-1,0,'2014-03-29 23:00:00'),(1100,19,9,-1,-1,0,'2014-03-30 00:00:00'),(1101,24,30,-1,-1,0,'2014-03-30 01:00:00'),(1102,22,25,-1,-1,0,'2014-03-30 02:00:00'),(1103,8,28,-1,-1,0,'2014-03-30 02:00:00'),(1104,14,3,-1,-1,0,'2014-03-30 21:00:00'),(1105,5,20,-1,-1,0,'2014-03-30 21:00:00'),(1106,15,1,-1,-1,0,'2014-03-30 23:30:00'),(1107,16,4,-1,-1,0,'2014-03-30 23:30:00'),(1108,27,23,-1,-1,0,'2014-03-31 00:00:00'),(1109,6,13,-1,-1,0,'2014-03-31 00:00:00'),(1110,14,7,-1,-1,0,'2014-03-31 23:30:00'),(1111,11,26,-1,-1,0,'2014-03-31 23:30:00'),(1112,25,28,-1,-1,0,'2014-04-01 02:00:00'),(1113,8,30,-1,-1,0,'2014-04-01 02:00:00'),(1114,2,11,-1,-1,0,'2014-04-01 23:00:00'),(1115,21,3,-1,-1,0,'2014-04-01 23:00:00'),(1116,12,26,-1,-1,0,'2014-04-01 23:00:00'),(1117,16,7,-1,-1,0,'2014-04-01 23:00:00'),(1118,23,9,-1,-1,0,'2014-04-01 23:00:00'),(1119,29,17,-1,-1,0,'2014-04-01 23:00:00'),(1120,20,10,-1,-1,0,'2014-04-01 23:30:00'),(1121,19,15,-1,-1,0,'2014-04-02 00:00:00'),(1122,22,13,-1,-1,0,'2014-04-02 02:00:00'),(1123,24,28,-1,-1,0,'2014-04-02 02:00:00'),(1124,18,6,-1,-1,0,'2014-04-02 02:30:00'),(1125,14,12,-1,-1,0,'2014-04-02 23:00:00'),(1126,5,1,-1,-1,0,'2014-04-03 00:00:00'),(1127,25,6,-1,-1,0,'2014-04-03 02:00:00'),(1128,8,24,-1,-1,0,'2014-04-03 02:30:00'),(1129,15,29,-1,-1,0,'2014-04-03 23:00:00'),(1130,7,9,-1,-1,0,'2014-04-03 23:00:00'),(1131,21,1,-1,-1,0,'2014-04-03 23:30:00'),(1132,20,3,-1,-1,0,'2014-04-03 23:30:00'),(1133,4,30,-1,-1,0,'2014-04-04 00:00:00'),(1134,19,2,-1,-1,0,'2014-04-04 00:00:00'),(1135,28,16,-1,-1,0,'2014-04-04 00:00:00'),(1136,17,13,-1,-1,0,'2014-04-04 01:00:00'),(1137,18,8,-1,-1,0,'2014-04-04 02:30:00'),(1138,14,10,-1,-1,0,'2014-04-04 23:00:00'),(1139,29,4,-1,-1,0,'2014-04-04 23:00:00'),(1140,11,23,-1,-1,0,'2014-04-04 23:00:00'),(1141,5,2,-1,-1,0,'2014-04-04 23:30:00'),(1142,26,3,-1,-1,0,'2014-04-04 23:30:00'),(1143,24,6,-1,-1,0,'2014-04-05 02:00:00'),(1144,25,27,-1,-1,0,'2014-04-05 02:00:00'),(1145,1,15,-1,-1,0,'2014-04-05 17:00:00'),(1146,19,17,-1,-1,0,'2014-04-05 18:00:00'),(1147,12,23,-1,-1,0,'2014-04-05 21:00:00'),(1148,21,28,-1,-1,0,'2014-04-05 23:00:00'),(1149,10,5,-1,-1,0,'2014-04-05 23:00:00'),(1150,20,9,-1,-1,0,'2014-04-05 23:00:00'),(1151,13,14,-1,-1,0,'2014-04-05 23:00:00'),(1152,7,11,-1,-1,0,'2014-04-05 23:00:00'),(1153,30,16,-1,-1,0,'2014-04-06 00:00:00'),(1154,22,8,-1,-1,0,'2014-04-06 02:00:00'),(1155,18,27,-1,-1,0,'2014-04-06 02:30:00'),(1156,26,9,-1,-1,0,'2014-04-06 21:00:00'),(1157,29,12,-1,-1,0,'2014-04-06 22:00:00'),(1158,15,2,-1,-1,0,'2014-04-06 23:30:00'),(1159,4,19,-1,-1,0,'2014-04-06 23:30:00'),(1160,17,16,-1,-1,0,'2014-04-07 00:00:00'),(1161,6,25,-1,-1,0,'2014-04-07 00:00:00'),(1162,11,3,-1,-1,0,'2014-04-07 23:00:00'),(1163,28,30,-1,-1,0,'2014-04-08 00:00:00'),(1164,22,25,-1,-1,0,'2014-04-08 02:00:00'),(1165,2,5,-1,-1,0,'2014-04-08 23:00:00'),(1166,12,14,-1,-1,0,'2014-04-08 23:00:00'),(1167,13,7,-1,-1,0,'2014-04-08 23:00:00'),(1168,29,24,-1,-1,0,'2014-04-08 23:00:00'),(1169,20,21,-1,-1,0,'2014-04-08 23:30:00'),(1170,26,15,-1,-1,0,'2014-04-08 23:30:00'),(1171,19,23,-1,-1,0,'2014-04-09 00:00:00'),(1172,30,1,-1,-1,0,'2014-04-09 00:00:00'),(1173,9,27,-1,-1,0,'2014-04-09 00:30:00'),(1174,6,17,-1,-1,0,'2014-04-09 01:30:00'),(1175,4,10,-1,-1,0,'2014-04-09 23:30:00'),(1176,16,5,-1,-1,0,'2014-04-10 00:00:00'),(1177,3,8,-1,-1,0,'2014-04-10 02:00:00'),(1178,25,18,-1,-1,0,'2014-04-10 02:30:00'),(1179,13,2,-1,-1,0,'2014-04-10 23:00:00'),(1180,7,23,-1,-1,0,'2014-04-10 23:00:00'),(1181,10,12,-1,-1,0,'2014-04-10 23:30:00'),(1182,14,11,-1,-1,0,'2014-04-10 23:30:00'),(1183,20,15,-1,-1,0,'2014-04-10 23:30:00'),(1184,26,21,-1,-1,0,'2014-04-10 23:30:00'),(1185,27,24,-1,-1,0,'2014-04-11 00:00:00'),(1186,30,19,-1,-1,0,'2014-04-11 00:00:00'),(1187,28,1,-1,-1,0,'2014-04-11 00:00:00'),(1188,6,8,-1,-1,0,'2014-04-11 01:30:00'),(1189,22,17,-1,-1,0,'2014-04-11 02:00:00'),(1190,23,4,-1,-1,0,'2014-04-11 23:00:00'),(1191,5,7,-1,-1,0,'2014-04-11 23:30:00'),(1192,20,29,-1,-1,0,'2014-04-11 23:30:00'),(1193,11,12,-1,-1,0,'2014-04-11 23:30:00'),(1194,9,19,-1,-1,0,'2014-04-12 00:30:00'),(1195,3,28,-1,-1,0,'2014-04-12 01:00:00'),(1196,18,17,-1,-1,0,'2014-04-12 02:00:00'),(1197,1,2,-1,-1,0,'2014-04-12 16:30:00'),(1198,16,15,-1,-1,0,'2014-04-12 19:00:00'),(1199,10,13,-1,-1,0,'2014-04-12 23:00:00'),(1200,14,21,-1,-1,0,'2014-04-12 23:00:00'),(1201,26,29,-1,-1,0,'2014-04-12 23:00:00'),(1202,27,4,-1,-1,0,'2014-04-13 00:00:00'),(1203,24,18,-1,-1,0,'2014-04-13 01:00:00'),(1204,6,22,-1,-1,0,'2014-04-13 02:00:00'),(1205,8,25,-1,-1,0,'2014-04-13 02:30:00'),(1206,11,1,-1,-1,0,'2014-04-13 19:00:00'),(1207,15,7,-1,-1,0,'2014-04-13 19:00:00'),(1208,23,20,-1,-1,0,'2014-04-13 19:00:00'),(1209,19,5,-1,-1,0,'2014-04-13 19:00:00'),(1210,2,12,-1,-1,0,'2014-04-13 21:00:00'),(1211,16,14,-1,-1,0,'2014-04-13 23:30:00'),(1212,30,27,-1,-1,0,'2014-04-14 00:00:00'),(1213,22,3,-1,-1,0,'2014-04-14 00:00:00'),(1214,25,17,-1,-1,0,'2014-04-14 00:00:00'),(1215,24,9,-1,-1,0,'2014-04-14 01:00:00'),(1216,10,21,-1,-1,0,'2013-10-01 23:00:00'),(1217,4,23,-1,-1,0,'2013-10-02 00:00:00'),(1218,6,28,-1,-1,0,'2013-10-02 02:00:00'),(1219,15,21,-1,-1,0,'2013-10-02 23:30:00'),(1220,5,2,-1,-1,0,'2013-10-03 00:00:00'),(1221,17,25,-1,-1,0,'2013-10-03 01:30:00'),(1222,1,20,-1,-1,0,'2013-10-03 23:00:00'),(1223,16,11,-1,-1,0,'2013-10-03 23:00:00'),(1224,23,3,-1,-1,0,'2013-10-03 23:00:00'),(1225,30,8,-1,-1,0,'2013-10-04 00:00:00'),(1226,19,27,-1,-1,0,'2013-10-04 00:30:00'),(1227,9,26,-1,-1,0,'2013-10-04 00:30:00'),(1228,24,13,-1,-1,0,'2013-10-04 02:00:00'),(1229,18,22,-1,-1,0,'2013-10-04 02:00:00');
/*!40000 ALTER TABLE `matchups_matchup` ENABLE KEYS */;
UNLOCK TABLES;

--
-- Table structure for table `matchups_pick`
--

DROP TABLE IF EXISTS `matchups_pick`;
/*!40101 SET @saved_cs_client     = @@character_set_client */;
/*!40101 SET character_set_client = utf8 */;
CREATE TABLE `matchups_pick` (
  `id` int(11) NOT NULL AUTO_INCREMENT,
  `selected_team_id` int(11) NOT NULL,
  `week_number` smallint(6) NOT NULL,
  `pick_set_id` int(11) NOT NULL,
  `is_winning_pick` tinyint(1) NOT NULL,
  PRIMARY KEY (`id`),
  KEY `matchups_pick_e9e551de` (`selected_team_id`),
  KEY `matchups_pick_a7cf5894` (`pick_set_id`),
  CONSTRAINT `pick_set_id_refs_id_c2c5674a` FOREIGN KEY (`pick_set_id`) REFERENCES `matchups_pickset` (`id`),
  CONSTRAINT `selected_team_id_refs_id_ba3369bf` FOREIGN KEY (`selected_team_id`) REFERENCES `teams_team` (`id`)
) ENGINE=InnoDB DEFAULT CHARSET=latin1;
/*!40101 SET character_set_client = @saved_cs_client */;

--
-- Dumping data for table `matchups_pick`
--

LOCK TABLES `matchups_pick` WRITE;
/*!40000 ALTER TABLE `matchups_pick` DISABLE KEYS */;
/*!40000 ALTER TABLE `matchups_pick` ENABLE KEYS */;
UNLOCK TABLES;

--
-- Table structure for table `matchups_pickset`
--

DROP TABLE IF EXISTS `matchups_pickset`;
/*!40101 SET @saved_cs_client     = @@character_set_client */;
/*!40101 SET character_set_client = utf8 */;
CREATE TABLE `matchups_pickset` (
  `id` int(11) NOT NULL AUTO_INCREMENT,
  `user_id` int(11) NOT NULL,
  PRIMARY KEY (`id`),
  KEY `matchups_pickset_6340c63c` (`user_id`),
  CONSTRAINT `user_id_refs_id_8327a6fd` FOREIGN KEY (`user_id`) REFERENCES `auth_user` (`id`)
) ENGINE=InnoDB DEFAULT CHARSET=latin1;
/*!40101 SET character_set_client = @saved_cs_client */;

--
-- Dumping data for table `matchups_pickset`
--

LOCK TABLES `matchups_pickset` WRITE;
/*!40000 ALTER TABLE `matchups_pickset` DISABLE KEYS */;
/*!40000 ALTER TABLE `matchups_pickset` ENABLE KEYS */;
UNLOCK TABLES;

--
-- Table structure for table `teams_conference`
--

DROP TABLE IF EXISTS `teams_conference`;
/*!40101 SET @saved_cs_client     = @@character_set_client */;
/*!40101 SET character_set_client = utf8 */;
CREATE TABLE `teams_conference` (
  `id` int(11) NOT NULL AUTO_INCREMENT,
  `league_id` int(11) NOT NULL,
  `name` varchar(50) NOT NULL,
  `abbreviation` varchar(5) NOT NULL,
  PRIMARY KEY (`id`),
  KEY `teams_conference_9c858b09` (`league_id`),
  CONSTRAINT `league_id_refs_id_13ccec97` FOREIGN KEY (`league_id`) REFERENCES `teams_league` (`id`)
) ENGINE=InnoDB AUTO_INCREMENT=3 DEFAULT CHARSET=latin1;
/*!40101 SET character_set_client = @saved_cs_client */;

--
-- Dumping data for table `teams_conference`
--

LOCK TABLES `teams_conference` WRITE;
/*!40000 ALTER TABLE `teams_conference` DISABLE KEYS */;
INSERT INTO `teams_conference` VALUES (1,1,'Eastern Conference','E'),(2,1,'Western Conference','W');
/*!40000 ALTER TABLE `teams_conference` ENABLE KEYS */;
UNLOCK TABLES;

--
-- Table structure for table `teams_division`
--

DROP TABLE IF EXISTS `teams_division`;
/*!40101 SET @saved_cs_client     = @@character_set_client */;
/*!40101 SET character_set_client = utf8 */;
CREATE TABLE `teams_division` (
  `id` int(11) NOT NULL AUTO_INCREMENT,
  `conference_id` int(11) NOT NULL,
  `name` varchar(50) NOT NULL,
  `abbreviation` varchar(5) NOT NULL,
  PRIMARY KEY (`id`),
  KEY `teams_division_fb6ac991` (`conference_id`),
  CONSTRAINT `conference_id_refs_id_20cb9a26` FOREIGN KEY (`conference_id`) REFERENCES `teams_conference` (`id`)
) ENGINE=InnoDB AUTO_INCREMENT=5 DEFAULT CHARSET=latin1;
/*!40101 SET character_set_client = @saved_cs_client */;

--
-- Dumping data for table `teams_division`
--

LOCK TABLES `teams_division` WRITE;
/*!40000 ALTER TABLE `teams_division` DISABLE KEYS */;
INSERT INTO `teams_division` VALUES (1,1,'Atlantic Division','ATL'),(2,1,'Metropolitan Division','MET'),(3,2,'Central Division','CEN'),(4,2,'Pacific Division','PAC');
/*!40000 ALTER TABLE `teams_division` ENABLE KEYS */;
UNLOCK TABLES;

--
-- Table structure for table `teams_league`
--

DROP TABLE IF EXISTS `teams_league`;
/*!40101 SET @saved_cs_client     = @@character_set_client */;
/*!40101 SET character_set_client = utf8 */;
CREATE TABLE `teams_league` (
  `id` int(11) NOT NULL AUTO_INCREMENT,
  `name` varchar(50) NOT NULL,
  `abbreviation` varchar(5) NOT NULL,
  PRIMARY KEY (`id`)
) ENGINE=InnoDB AUTO_INCREMENT=2 DEFAULT CHARSET=latin1;
/*!40101 SET character_set_client = @saved_cs_client */;

--
-- Dumping data for table `teams_league`
--

LOCK TABLES `teams_league` WRITE;
/*!40000 ALTER TABLE `teams_league` DISABLE KEYS */;
INSERT INTO `teams_league` VALUES (1,'National Hockey League','NHL');
/*!40000 ALTER TABLE `teams_league` ENABLE KEYS */;
UNLOCK TABLES;

--
-- Table structure for table `teams_team`
--

DROP TABLE IF EXISTS `teams_team`;
/*!40101 SET @saved_cs_client     = @@character_set_client */;
/*!40101 SET character_set_client = utf8 */;
CREATE TABLE `teams_team` (
  `id` int(11) NOT NULL AUTO_INCREMENT,
  `division_id` int(11) NOT NULL,
  `location` varchar(50) NOT NULL,
  `name` varchar(50) NOT NULL,
  `abbreviation` varchar(5) NOT NULL,
  `image_location` varchar(50) NOT NULL,
  PRIMARY KEY (`id`),
  KEY `teams_team_9ef717c5` (`division_id`),
  CONSTRAINT `division_id_refs_id_3df92dd5` FOREIGN KEY (`division_id`) REFERENCES `teams_division` (`id`)
) ENGINE=InnoDB AUTO_INCREMENT=31 DEFAULT CHARSET=latin1;
/*!40101 SET character_set_client = @saved_cs_client */;

--
-- Dumping data for table `teams_team`
--

LOCK TABLES `teams_team` WRITE;
/*!40000 ALTER TABLE `teams_team` DISABLE KEYS */;
INSERT INTO `teams_team` VALUES (1,1,'Boston','Bruins','BOS','BostonBruins.png'),(2,1,'Buffalo','Sabres','BUF','BuffaloSabres.png'),(3,4,'Calgary','Flames','CGY','CalgaryFlames.png'),(4,3,'Chicago','Blackhawks','CHI','ChicagoBlackhawks.png'),(5,1,'Detroit','Red Wings','DET','DetroitRedWings.png'),(6,4,'Edmonton','Oilers','EDM','EdmontonOilers.png'),(7,2,'Carolina','Hurricanes','CAR','CarolinaHurricanes.png'),(8,4,'Los Angeles','Kings','LAK','LosAngelesKings.png'),(9,3,'Dallas','Stars','DAL','DallasStars.png'),(10,1,'Montreal','Canadiens','MTL','MontrealCanadiens.png'),(11,2,'New Jersey','Devils','NJD','NewJerseyDevils.png'),(12,2,'New York','Islanders','NYI','NewYorkIslanders.png'),(13,2,'New York','Rangers','NYR','NewYorkRangers.png'),(14,1,'Ottawa','Senators','OTT','OttawaSenators.png'),(15,2,'Philadelphia','Flyers','PHI','PhiladelphiaFlyers.png'),(16,2,'Pittsburgh','Penguins','PIT','PittsburghPenguins.png'),(17,3,'Colorado','Avalanche','COL','ColoradoAvalanche.png'),(18,4,'San Jose','Sharks','SJS','SanJoseSharks.png'),(19,3,'St. Louis','Blues','STL','StLouisBlues.png'),(20,1,'Tampa Bay','Lightning','TBL','TampaBayLightning.png'),(21,1,'Toronto','Maple Leafs','TOR','TorontoMapleLeafs.png'),(22,4,'Vancouver','Canucks','VAN','VancouverCanucks.png'),(23,2,'Washington','Capitals','WSH','WashingtonCapitals.png'),(24,4,'Phoenix','Coyotes','PHX','PhoenixCoyotes.png'),(25,4,'Anaheim','Ducks','ANA','AnaheimDucks.png'),(26,1,'Florida','Panthers','FLA','FloridaPanthers.png'),(27,3,'Nashville','Predators','NSH','NashvillePredators.png'),(28,3,'Winnipeg','Jets','WPG','WinnipegJets.png'),(29,2,'Columbus','Blue Jackets','CBJ','ColumbusBlueJackets.png'),(30,3,'Minnesota','Wild','MIN','MinnesotaWild.png');
/*!40000 ALTER TABLE `teams_team` ENABLE KEYS */;
UNLOCK TABLES;
/*!40103 SET TIME_ZONE=@OLD_TIME_ZONE */;

/*!40101 SET SQL_MODE=@OLD_SQL_MODE */;
/*!40014 SET FOREIGN_KEY_CHECKS=@OLD_FOREIGN_KEY_CHECKS */;
/*!40014 SET UNIQUE_CHECKS=@OLD_UNIQUE_CHECKS */;
/*!40101 SET CHARACTER_SET_CLIENT=@OLD_CHARACTER_SET_CLIENT */;
/*!40101 SET CHARACTER_SET_RESULTS=@OLD_CHARACTER_SET_RESULTS */;
/*!40101 SET COLLATION_CONNECTION=@OLD_COLLATION_CONNECTION */;
/*!40111 SET SQL_NOTES=@OLD_SQL_NOTES */;

-- Dump completed on 2013-10-06  4:37:35
